0,0,Start,0,0,0,0,0,0,0,0,0,0,0,0
20150705_M03_paired_00.wav,1,h,118.866,211.837,0.0929705,3598.91,-1.88813,9.54334,50.4827,36.1781,-0.0178659,0.424153,,
20150705_M03_paired_00.wav,2,k,1403.2,1450.2,0.0470068,5350.16,-1.34454,10.2298,59.5981,50.6704,-0.0514577,0.199535,,
20150705_M03_paired_00.wav,3,i,2228.78,2281.0,0.0522222,2177.96,-3.66659,11.8941,43.2065,32.3332,-0.0300902,1.39378,,
20150705_M03_paired_00.wav,4,a,2441.86,2793.51,0.351655,2034.31,-4.74729,13.9777,36.7438,2.07483,-0.00165854,0.362978,,
20150705_M03_paired_00.wav,5,b,2813.15,2917.44,0.104286,3677.64,-3.34889,15.8436,64.8936,24.1466,-0.0111576,1.18835,,
20150705_M03_paired_00.wav,6,c,2934.63,2988.57,0.0539456,2137.11,-3.621,12.4094,46.6205,37.2172,-0.0161584,1.29149,,
20150705_M03_paired_00.wav,7,d,3022.51,3294.83,0.272324,3938.08,-4.59318,19.35,24.0283,21.9531,-0.00301039,2.08088,,
20150705_M03_paired_00.wav,8,e,3322.81,3464.04,0.141224,6019.94,-3.03192,17.0132,45.6951,43.3541,-0.0133927,2.13544,,
20150705_M03_paired_00.wav,9,f,3489.48,3809.07,0.319592,5031.18,-5.58716,30.2504,14.4657,5.95554,-0.0057576,1.1133,,
20150705_M03_paired_00.wav,10,k,3872.27,3910.02,0.0377551,4200.04,-1.34469,8.80066,46.2122,42.3853,-0.0938127,0.0574179,,
20150705_M03_paired_00.wav,11,s,4200.47,4764.11,0.563648,6761.6,-2.27907,-0.717058,44.4745,26.2791,-0.00198772,1.01278,,
0,0,End,0.0,0.0,0.0,0.0,0.0,0.0,0.0,0.0,0.0,0.0,0.0,0.0
0,0,Start,0.0,0.0,0.0,0.0,0.0,0.0,0.0,0.0,0.0,0.0,0.0,0.0
20150705_M03_paired_00.wav,12,k,9058.84,9103.36,0.0445125,4680.29,-1.46836,10.1112,58.3884,53.3301,-0.0295507,0.114984,,
20150705_M03_paired_00.wav,13,k,9574.24,9625.65,0.0514059,4845.17,-1.82802,9.70544,61.3023,55.7323,-0.0411386,0.493968,,
20150705_M03_paired_00.wav,14,i,9849.32,9899.3,0.0499773,2026.58,-2.73468,7.09645,52.7177,42.2289,-0.0161167,0.485276,,
20150705_M03_paired_00.wav,15,a,10074.2,10336.2,0.262041,2171.64,-4.55503,13.0494,36.069,3.97658,-0.00275056,0.938175,,
20150705_M03_paired_00.wav,16,b,10351.9,10456.8,0.104875,3657.92,-3.39034,17.537,66.9237,27.5598,-0.00905215,1.26029,,
20150705_M03_paired_00.wav,17,c,10472.2,10527.6,0.0554195,2108.47,-3.12909,10.7454,54.2794,42.0306,-0.0196199,0.897952,,
20150705_M03_paired_00.wav,18,d,10554.5,10849.8,0.295261,4047.04,-4.20813,14.5225,28.2669,19.1409,-0.00592562,1.71702,,
20150705_M03_paired_00.wav,19,e,10867.6,11005.4,0.137732,6159.28,-2.94356,16.7426,47.8267,48.3278,-0.0112637,2.33052,,
20150705_M03_paired_00.wav,20,f,11026.6,11309.0,0.282358,5020.83,-5.4865,26.8628,15.1672,8.67203,-0.00434198,1.22343,,
20150705_M03_paired_00.wav,21,k,11371.9,11411.7,0.0397506,4997.55,-1.23824,10.8035,58.4775,50.1556,-0.0939201,0.118674,,
20150705_M03_paired_00.wav,22,g,11541.4,11624.7,0.0833333,2564.01,-2.56895,12.1472,48.1105,34.9648,-0.0115127,0.290962,,
20150705_M03_paired_00.wav,23,k,11727.8,11775.8,0.0480045,4906.87,-1.67922,11.6099,51.8993,55.3176,-0.0866811,0.295305,,
20150705_M03_paired_00.wav,24,m,11807.1,12199.5,0.392404,2866.86,-2.82939,11.1995,47.4051,39.9163,-0.00116534,0.138544,,
20150705_M03_paired_00.wav,25,n,12218.2,12698.0,0.479819,3495.7,-4.77863,13.8949,28.4506,3.39517,-0.000402902,0.513654,,
20150705_M03_paired_00.wav,26,o,12784.8,12834.6,0.0498866,4885.23,-2.42013,10.0357,48.1154,44.3046,-0.0153244,0.336812,,
20150705_M03_paired_00.wav,27,h,12933.1,13022.9,0.0898186,3045.8,-1.79232,6.97344,50.3849,36.918,-0.00367714,0.541101,,
20150705_M03_paired_00.wav,28,k,13169.3,13219.5,0.0501587,4772.21,-1.46204,11.2579,56.0406,52.4279,-0.051513,0.222089,,
0,0,End,0.0,0.0,0.0,0.0,0.0,0.0,0.0,0.0,0.0,0.0,0.0,0.0
0,0,Start,0.0,0.0,0.0,0.0,0.0,0.0,0.0,0.0,0.0,0.0,0.0,0.0
20150705_M03_paired_00.wav,29,i,15638.6,15693.4,0.0548073,2196.35,-3.4775,9.26456,41.3917,33.207,-0.0134729,1.19949,,
20150705_M03_paired_00.wav,30,a,15860.7,16215.0,0.354263,2095.31,-4.54757,12.5076,35.5336,2.39137,-0.000103228,0.636641,,
20150705_M03_paired_00.wav,31,b,16225.9,16330.1,0.10424,3711.81,-3.64018,18.5642,55.3126,28.4585,-0.00081152,1.08569,,
20150705_M03_paired_00.wav,32,c,16343.3,16401.8,0.0585034,2092.65,-3.26505,10.2065,47.7085,40.2142,-0.00736692,1.29523,,
20150705_M03_paired_00.wav,33,d,16427.4,16727.1,0.299705,3987.61,-4.53798,21.7226,24.2395,19.4344,-0.00227945,2.99479,,
20150705_M03_paired_00.wav,34,e,16743.3,16882.9,0.139569,6006.19,-2.75556,16.6044,42.8617,47.6519,-0.00772262,2.28691,,
20150705_M03_paired_00.wav,35,f,16906.6,17209.4,0.302857,4999.5,-5.4766,28.5764,16.8059,9.72882,-0.00457452,1.16481,,
20150705_M03_paired_00.wav,36,k,17270.8,17311.5,0.0407256,4376.31,-1.44822,10.1514,50.1295,52.3319,-0.083395,0.144848,,
20150705_M03_paired_00.wav,37,g,17424.1,17516.1,0.0919955,2538.4,-2.68316,12.5496,52.5411,29.5098,-0.0073668,0.524831,,
20150705_M03_paired_00.wav,38,k,17630.5,17673.5,0.0430612,5263.81,-1.32304,12.3252,54.529,50.4627,-0.0722021,0.0945654,,
20150705_M03_paired_00.wav,39,m,17723.2,18131.2,0.408005,2399.71,-3.45357,13.6781,42.4684,35.0662,-0.00147595,0.157488,,
20150705_M03_paired_00.wav,40,n,18192.2,18697.4,0.505283,3361.24,-5.01053,16.957,26.143,2.53496,-0.00120216,0.517512,,
20150705_M03_paired_00.wav,41,o,18811.1,18869.0,0.0579138,4823.69,-2.49733,8.85578,42.7924,40.8525,-0.00598184,0.765266,,
20150705_M03_paired_00.wav,42,h,18975.1,19066.1,0.0910884,2964.92,-1.87776,9.41615,52.5497,33.2192,-0.00583063,0.416891,,
20150705_M03_paired_00.wav,43,k,19220.6,19268.5,0.0479365,4794.31,-1.51672,10.5156,55.2874,54.0828,-0.0360641,0.295474,,
20150705_M03_paired_00.wav,44,o,19478.3,19542.7,0.0644444,5185.84,-2.30613,11.8482,51.8267,47.1821,-0.0215534,0.904995,,
20150705_M03_paired_00.wav,45,i,19672.1,19725.9,0.0538095,2222.7,-4.02062,12.9984,41.7675,34.9952,-0.0147185,1.86587,,
20150705_M03_paired_00.wav,46,i,19835.0,19888.4,0.0534467,2254.05,-3.84252,10.223,38.5077,31.9764,-0.0150701,1.52144,,
20150705_M03_paired_00.wav,47,i,19996.1,20046.8,0.0507256,2253.98,-3.9676,10.8997,39.3261,34.0429,-0.0191673,1.456,,
20150705_M03_paired_00.wav,48,i,20153.2,20204.3,0.0510658,2297.52,-3.52849,8.53594,44.6689,37.8149,-0.00978276,1.31454,,
20150705_M03_paired_00.wav,49,i,20321.4,20364.7,0.0432653,2229.09,-3.95723,10.6419,42.0656,42.5262,-0.00618558,1.1384,,
20150705_M03_paired_00.wav,50,m,20483.0,20826.2,0.343243,2451.78,-3.3415,15.1759,42.1693,31.6434,-0.00271561,0.152775,,
20150705_M03_paired_00.wav,51,p,20901.2,21651.3,0.750068,1993.54,-4.48119,10.9449,37.5197,3.85822,-0.000319624,0.5436,,
20150705_M03_paired_00.wav,52,q,21836.6,22125.3,0.288639,6572.47,-5.33307,32.9169,20.9696,13.2193,-0.00376741,0.909261,,
20150705_M03_paired_00.wav,53,q,22153.1,22392.6,0.239456,7375.91,-5.32057,30.8901,22.322,10.827,-0.0120038,0.822381,,
20150705_M03_paired_00.wav,54,r,22720.1,23321.7,0.601647,6473.94,-2.54913,-0.601514,41.6651,13.8548,-0.000190952,0.686774,,
20150705_M03_paired_00.wav,55,i,25101.7,25142.8,0.0411338,2209.3,-3.54423,10.6765,49.4315,51.5778,0.0146758,1.15936,,
20150705_M03_paired_00.wav,56,i,25284.7,25338.0,0.053356,2337.42,-3.3697,8.58817,44.7091,38.1496,-0.0027173,2.04258,,
20150705_M03_paired_00.wav,57,i,25441.7,25493.2,0.0514286,2340.86,-3.50378,8.58421,41.1602,39.573,-0.00323958,1.96299,,
20150705_M03_paired_00.wav,58,i,25607.4,25650.4,0.0430159,2245.96,-3.56831,10.0419,49.5202,50.6065,0.00190791,0.828378,,
20150705_M03_paired_00.wav,59,m,25778.3,26208.7,0.430385,2505.87,-3.46973,16.296,42.2401,39.6211,0.000828223,0.138778,,
20150705_M03_paired_00.wav,60,p,26299.0,26873.9,0.574943,2043.38,-4.46082,12.4794,34.1787,6.00964,-1.28e-05,1.18122,,
20150705_M03_paired_00.wav,61,k,28280.7,28330.7,0.0499546,5092.28,-1.51852,12.4883,63.9418,54.7526,-0.0201212,0.131247,,
20150705_M03_paired_00.wav,62,i,29086.2,29136.1,0.0499093,2231.8,-3.18414,8.23497,47.1838,39.3268,-0.00165291,0.818068,,
20150705_M03_paired_00.wav,63,a,29278.8,29620.3,0.341519,2027.25,-5.03963,16.9849,29.8227,3.84234,0.000302999,0.923021,,
20150705_M03_paired_00.wav,64,b,29625.8,29732.4,0.106621,3685.96,-3.54308,17.2519,67.5703,26.0488,-0.00280091,1.35782,,
20150705_M03_paired_00.wav,65,c,29750.2,29816.7,0.0664978,2266.48,-3.03831,11.1888,44.5276,36.8417,-0.000764076,1.28231,,
20150705_M03_paired_00.wav,66,d,29838.8,30092.2,0.253325,3927.75,-4.70375,22.2154,23.7453,19.3722,0.000455291,2.05393,,
20150705_M03_paired_00.wav,67,e,30125.2,30275.2,0.149955,6228.77,-3.18982,20.4495,43.5583,39.97,-0.00704208,3.07152,,
20150705_M03_paired_00.wav,68,f,30293.9,30585.3,0.291361,5017.3,-5.51442,32.7091,12.8058,8.08725,-0.000718849,1.42162,,
20150705_M03_paired_00.wav,69,k,30652.6,30690.8,0.0381859,4153.3,-1.60205,10.8164,58.3958,50.8988,-0.0664354,0.0775761,,
20150705_M03_paired_00.wav,70,g,30808.3,30896.5,0.0881859,2513.18,-3.04496,13.3368,42.4232,39.2521,0.000342927,0.531945,,
20150705_M03_paired_00.wav,71,k,31039.3,31080.4,0.0411338,4850.11,-1.41054,12.8543,51.3755,55.0358,-0.0666715,0.113685,,
20150705_M03_paired_00.wav,72,m,31110.2,31497.0,0.386757,2364.19,-3.53017,14.0524,40.2894,33.6664,-0.000157053,0.244712,,
20150705_M03_paired_00.wav,73,n,31559.5,32033.7,0.47424,3355.25,-5.11616,16.5195,26.5011,4.29528,-0.000115405,0.460269,,
20150705_M03_paired_00.wav,74,o,32157.7,32206.3,0.0486168,4863.53,-3.04161,14.5197,45.15,51.3115,-0.00260255,0.943347,,
0,0,End,0.0,0.0,0.0,0.0,0.0,0.0,0.0,0.0,0.0,0.0,0.0,0.0
0,0,Start,0.0,0.0,0.0,0.0,0.0,0.0,0.0,0.0,0.0,0.0,0.0,0.0
20150705_M03_paired_01.wav,38,i,15466.6,15517.7,0.0511338,2310.26,-3.8604,11.8042,38.958,31.3903,-0.0133681,1.08403,,
20150705_M03_paired_01.wav,39,a,15695.5,16035.2,0.339773,2018.49,-5.07418,16.2968,30.7668,1.21084,-0.00145615,0.597745,,
20150705_M03_paired_01.wav,40,b,16057.4,16153.9,0.0965306,3555.91,-3.62798,18.3434,69.7995,19.0515,-0.00121525,0.627631,,
20150705_M03_paired_01.wav,41,c,16177.5,16229.2,0.051678,2167.84,-3.64848,13.1422,42.7913,28.7928,-0.00564873,0.756294,,
20150705_M03_paired_01.wav,42,d,16262.8,16541.5,0.278657,3987.78,-4.6876,20.669,23.0383,17.9552,-0.00507748,1.94721,,
20150705_M03_paired_01.wav,43,e,16577.2,16710.2,0.133016,6470.03,-3.36324,21.147,41.8633,45.2727,-0.014335,2.52413,,
20150705_M03_paired_01.wav,44,f,16743.6,17010.2,0.266553,5023.01,-5.41844,24.012,17.9488,11.9917,-0.00866178,0.889221,,
20150705_M03_paired_01.wav,45,k,17088.8,17122.1,0.033288,4590.02,-1.50536,12.8952,54.4375,53.9287,-0.0788369,0.0847835,,
20150705_M03_paired_01.wav,46,g,17250.2,17321.3,0.0711338,2537.59,-3.18373,15.7023,44.5292,37.9679,-0.00803505,0.412763,,
20150705_M03_paired_01.wav,47,k,17470.7,17508.1,0.0373923,5007.27,-1.71737,13.8926,49.7214,49.5165,-0.0787368,0.110113,,
20150705_M03_paired_01.wav,48,m,17557.0,17875.8,0.318776,2476.38,-3.21305,12.1157,43.7835,39.5995,-0.00347925,0.13919,,
20150705_M03_paired_01.wav,49,n,17937.6,18329.3,0.391746,3369.96,-5.05508,16.6684,26.7697,2.58195,-0.00220626,0.268649,,
20150705_M03_paired_01.wav,50,o,18495.8,18544.9,0.0490703,4990.62,-2.72456,12.8433,44.0811,46.0888,-0.0245464,0.527589,,
20150705_M03_paired_01.wav,51,h,18656.6,18738.4,0.0818594,2817.39,-2.07628,11.4085,52.2701,31.4319,-0.00814546,0.491402,,
20150705_M03_paired_01.wav,52,k,18907.8,18949.5,0.041678,5224.89,-1.43234,11.939,59.109,49.413,-0.0224041,0.300486,,
0,0,End,0.0,0.0,0.0,0.0,0.0,0.0,0.0,0.0,0.0,0.0,0.0,0.0
0,0,Start,0.0,0.0,0.0,0.0,0.0,0.0,0.0,0.0,0.0,0.0,0.0,0.0
20150705_M03_paired_01.wav,53,o,21540.8,21568.0,0.0272789,5462.19,-2.39844,10.2812,49.5142,56.4712,-0.0103926,0.653943,,
20150705_M03_paired_01.wav,54,k,22170.3,22207.1,0.0368027,6038.43,-1.09846,11.427,55.0011,46.2283,-0.013751,0.0507727,,
20150705_M03_paired_01.wav,55,i,23593.3,23646.3,0.0530385,2282.51,-3.22905,9.32127,44.9936,28.4531,-0.00587187,0.942814,,
20150705_M03_paired_01.wav,56,a,23943.7,24200.7,0.257007,1971.04,-5.00905,14.7203,30.015,3.38317,-0.000353779,0.439956,,
20150705_M03_paired_01.wav,57,b,24226.9,24318.6,0.091746,3757.07,-4.20494,19.5219,47.8658,29.9688,0.00104217,1.10076,,
20150705_M03_paired_01.wav,58,c,24346.6,24397.0,0.0504082,2152.86,-3.36643,8.09679,48.8952,35.9398,-0.00230209,0.450197,,
20150705_M03_paired_01.wav,59,d,24433.2,24680.2,0.246992,4036.01,-4.59008,21.4828,24.2376,21.3972,-0.00237533,2.61534,,
20150705_M03_paired_01.wav,60,e,24716.5,24848.9,0.132449,6507.21,-3.32219,18.7212,41.9272,42.2173,-0.0029522,2.57634,,
20150705_M03_paired_01.wav,61,f,24884.7,25173.4,0.288662,5060.21,-5.63632,31.7351,13.6034,5.66235,-0.00265053,0.887357,,
20150705_M03_paired_01.wav,62,k,25248.0,25279.6,0.0316327,4116.72,-1.84176,11.9363,54.6657,52.5202,-0.0388029,0.0468053,,
20150705_M03_paired_01.wav,63,g,25395.4,25476.7,0.0812472,2533.58,-2.93938,13.5064,47.9474,32.6601,-0.00592685,0.364362,,
20150705_M03_paired_01.wav,64,k,25610.5,25650.2,0.0396825,4921.11,-1.91738,15.369,40.2496,40.5739,-0.0581326,0.143452,,
20150705_M03_paired_01.wav,65,m,25700.0,26083.2,0.383265,2655.75,-3.42972,13.7539,39.2718,34.7394,0.000328299,0.196374,,
20150705_M03_paired_01.wav,66,n,26160.6,26505.2,0.344649,3368.09,-4.95738,15.8055,24.084,5.53684,3.53e-05,0.806298,,
20150705_M03_paired_01.wav,67,o,26636.4,26681.8,0.0453968,4989.0,-2.81192,10.9617,46.3933,45.9812,-0.0103182,0.7251,,
20150705_M03_paired_01.wav,68,h,26775.7,26881.4,0.105692,4523.2,-2.20982,9.5221,45.0574,21.7687,-0.00174789,0.408335,,
20150705_M03_paired_01.wav,69,k,27014.6,27077.2,0.0626304,5696.28,-2.01313,5.94647,39.5577,15.0479,0.00185196,0.784076,,
20150705_M03_paired_01.wav,70,o,27241.4,27281.9,0.0404762,5141.11,-3.17843,11.8755,47.1176,50.1751,-0.00964879,0.658203,,
0,0,End,0.0,0.0,0.0,0.0,0.0,0.0,0.0,0.0,0.0,0.0,0.0,0.0
0,0,Start,0.0,0.0,0.0,0.0,0.0,0.0,0.0,0.0,0.0,0.0,0.0,0.0
20150705_M03_paired_01.wav,71,k,30946.5,30988.3,0.0417687,5092.36,-1.37163,11.7042,67.3022,53.1969,0.0107575,0.0947843,,
20150705_M03_paired_01.wav,72,i,32211.2,32256.6,0.0453968,2161.15,-2.86813,7.63597,47.0446,31.3954,0.00300013,0.440779,,
20150705_M03_paired_01.wav,73,i,32851.7,32884.2,0.0324943,2329.05,-3.69852,11.3733,46.6061,49.9503,0.0206381,1.29662,,
20150705_M03_paired_01.wav,74,i,33015.1,33051.0,0.0359184,2339.46,-3.83302,10.9706,45.3771,33.5336,0.00417332,1.18786,,
20150705_M03_paired_01.wav,75,i,33187.8,33232.2,0.0444444,2282.83,-3.71255,9.6986,41.6378,25.858,-0.000775663,1.03539,,
20150705_M03_paired_01.wav,76,i,33339.9,33375.6,0.0357596,2350.7,-4.02387,10.7152,41.7064,32.9855,0.000206971,1.01418,,
20150705_M03_paired_01.wav,77,m,33509.1,33858.2,0.349138,2787.45,-3.41914,17.2273,43.3847,38.0569,0.00212218,0.195176,,
20150705_M03_paired_01.wav,78,p,33955.1,34686.6,0.731476,2052.6,-4.25354,9.73527,37.0271,3.02942,-0.000714757,0.901685,,
20150705_M03_paired_01.wav,79,k,36353.7,36390.1,0.0364399,4517.0,-1.30254,10.5305,64.2345,54.1382,0.0191467,0.101205,,
0,0,End,0.0,0.0,0.0,0.0,0.0,0.0,0.0,0.0,0.0,0.0,0.0,0.0
0,0,Start,0.0,0.0,0.0,0.0,0.0,0.0,0.0,0.0,0.0,0.0,0.0,0.0
20150705_M03_paired_01.wav,86,i,47634.0,47686.1,0.0520408,2266.58,-3.47943,10.8607,48.1899,35.4129,0.0311123,1.23407,,
20150705_M03_paired_01.wav,87,a,47843.7,48145.1,0.301361,2025.39,-5.30272,17.3746,29.318,3.04243,0.00707144,0.314919,,
20150705_M03_paired_01.wav,88,b,48181.6,48283.2,0.101542,3551.12,-4.19209,22.7317,49.3699,20.3412,0.0105953,1.12838,,
20150705_M03_paired_01.wav,89,c,48300.7,48355.9,0.0551247,2250.79,-2.80944,10.7163,51.8475,35.3777,0.0242122,0.61207,,
20150705_M03_paired_01.wav,90,d,48396.2,48687.5,0.291324,4003.48,-4.73902,21.3045,22.1068,18.4103,-0.00747809,2.46804,,
20150705_M03_paired_01.wav,91,e,48718.6,48852.0,0.133379,6447.12,-3.33202,19.6905,41.9503,44.0943,0.0031056,2.8718,,
20150705_M03_paired_01.wav,92,f,48888.2,49172.3,0.284172,5014.72,-5.49194,28.5926,16.477,9.97384,0.000528256,0.928214,,
20150705_M03_paired_01.wav,93,k,49250.0,49279.2,0.029229,4104.72,-1.43425,11.2376,49.8869,48.979,-0.017689,0.167628,,
20150705_M03_paired_01.wav,94,g,49392.0,49475.9,0.0839229,2592.18,-2.91545,15.5321,42.3711,38.1291,0.0166945,0.709465,,
20150705_M03_paired_01.wav,95,k,49614.9,49655.1,0.0402494,4939.14,-1.82373,14.4549,46.7778,50.7024,-0.0323376,0.358047,,
20150705_M03_paired_01.wav,96,m,49717.3,50150.0,0.432698,2721.29,-3.48207,14.3492,42.6067,39.9325,0.00215504,0.14427,,
20150705_M03_paired_01.wav,97,n,50226.6,50588.4,0.361791,3382.33,-5.17835,18.742,21.6751,4.02493,0.00321423,0.965454,,
20150705_M03_paired_01.wav,98,o,50677.4,50719.6,0.0421542,4619.78,-2.67145,13.1652,45.9318,47.8647,0.0395503,0.920546,,
0,0,End,0.0,0.0,0.0,0.0,0.0,0.0,0.0,0.0,0.0,0.0,0.0,0.0
0,0,Start,0.0,0.0,0.0,0.0,0.0,0.0,0.0,0.0,0.0,0.0,0.0,0.0
20150705_M03_paired_01.wav,99,i,55179.7,55226.2,0.0464626,2212.3,-3.10197,8.38588,47.6961,40.2165,0.0407415,1.2237,,
20150705_M03_paired_01.wav,100,a,55463.0,55879.7,0.416735,2011.44,-4.48056,9.83219,35.1297,2.70668,0.00496849,0.211294,,
20150705_M03_paired_01.wav,101,b,55909.0,56002.7,0.0937415,3595.94,-3.69091,16.0046,67.2261,19.48,0.0225239,0.988669,,
20150705_M03_paired_01.wav,102,c,56036.8,56081.6,0.0447166,2174.0,-3.08338,10.0691,47.2581,39.1022,0.0451375,1.00601,,
20150705_M03_paired_01.wav,103,d,56145.4,56411.4,0.265991,3945.48,-4.16392,16.0393,27.1048,19.4576,-0.0130922,2.67796,,
20150705_M03_paired_01.wav,104,e,56446.2,56572.9,0.126662,6178.11,-3.11761,17.2682,43.6998,42.5347,-0.0348826,2.67006,,
20150705_M03_paired_01.wav,105,f,56605.2,56873.0,0.2678,5003.95,-5.51559,28.008,15.35,9.76079,0.00244412,1.0167,,
20150705_M03_paired_01.wav,106,k,56956.1,56985.5,0.0293878,4321.52,-1.50437,11.1464,57.4678,52.6008,-0.0130383,0.240539,,
20150705_M03_paired_01.wav,107,g,57105.7,57183.3,0.0775737,2546.82,-2.88233,12.8972,45.6594,32.6418,0.0195623,0.423341,,
0,0,End,0.0,0.0,0.0,0.0,0.0,0.0,0.0,0.0,0.0,0.0,0.0,0.0
0,0,Start,0.0,0.0,0.0,0.0,0.0,0.0,0.0,0.0,0.0,0.0,0.0,0.0
20150705_M03_paired_02.wav,1,o,947.438,972.902,0.0254649,6125.91,-2.09859,7.97766,46.0259,54.7785,-0.0569939,0.320379,,
20150705_M03_paired_02.wav,2,k,1635.76,1674.88,0.0391156,5723.58,-1.27925,10.246,60.2072,56.9712,-0.0473869,0.0946804,,
20150705_M03_paired_02.wav,3,o,1916.83,1947.32,0.0304989,5074.8,-2.22353,7.0843,49.5401,49.4059,-0.0574311,0.352491,,
20150705_M03_paired_02.wav,4,h,2112.47,2191.38,0.0789116,2946.35,-2.0424,9.81564,56.0969,34.2879,-0.00933964,0.612802,,
20150705_M03_paired_02.wav,5,k,2631.02,2666.03,0.0350113,6654.39,-1.1767,9.74003,57.7294,53.5869,-0.0362288,0.0508611,,
20150705_M03_paired_02.wav,6,i,2974.74,3025.9,0.0511565,2319.2,-3.64859,10.9723,40.1068,29.9219,-0.0115121,0.862371,,
20150705_M03_paired_02.wav,7,i,3144.51,3190.36,0.0458503,2249.18,-3.55775,8.21902,38.2528,24.3462,-0.0301878,0.614983,,
20150705_M03_paired_02.wav,8,i,3300.09,3344.76,0.0446712,2336.18,-3.69786,8.26844,41.4164,25.1075,-0.0428867,0.87043,,
20150705_M03_paired_02.wav,9,i,3472.68,3509.77,0.0370975,2311.19,-3.66491,8.50902,42.5422,28.9276,-0.00957709,0.526663,,
20150705_M03_paired_02.wav,10,i,3634.58,3682.24,0.0476644,2276.45,-3.49379,7.61641,46.9771,30.5432,-0.0173194,0.897463,,
20150705_M03_paired_02.wav,11,m,3814.01,4173.83,0.359819,2685.22,-3.00269,14.4446,42.8911,38.6683,-0.00324404,0.090985,,
20150705_M03_paired_02.wav,12,p,4251.13,4982.61,0.731476,2050.86,-4.46145,10.3525,36.4146,2.50237,0.00379589,0.837497,,
20150705_M03_paired_02.wav,13,r,5695.4,6328.71,0.633312,6416.5,-2.40241,-1.41177,41.4759,18.1612,-0.000354747,1.13985,,
0,0,End,0.0,0.0,0.0,0.0,0.0,0.0,0.0,0.0,0.0,0.0,0.0,0.0
0,0,Start,0.0,0.0,0.0,0.0,0.0,0.0,0.0,0.0,0.0,0.0,0.0,0.0
20150705_M03_paired_02.wav,14,k,9653.42,9689.77,0.0363492,6011.43,-1.1602,11.054,56.0072,51.6819,-0.021638,0.046054,,
20150705_M03_paired_02.wav,15,h,9938.57,10020.6,0.0820408,2963.7,-2.14559,10.9288,44.5629,30.2264,-0.0137991,0.597752,,
20150705_M03_paired_02.wav,16,k,10269.5,10299.9,0.0303628,5705.46,-1.11104,8.44042,61.0099,51.5101,-0.0269328,0.136791,,
20150705_M03_paired_02.wav,17,k,10441.7,10485.3,0.0435374,4685.82,-2.12572,9.8516,51.9207,46.191,-0.0297109,0.267613,,
20150705_M03_paired_02.wav,18,i,10644.7,10691.1,0.0463492,2255.03,-3.34344,9.31,51.2789,44.1523,-0.0290496,0.889938,,
20150705_M03_paired_02.wav,19,i,10813.4,10839.5,0.0261224,2253.57,-3.24305,9.69037,48.201,41.6603,-0.0130299,1.11259,,
20150705_M03_paired_02.wav,20,i,10981.5,11026.7,0.0452381,2315.88,-3.3598,8.29374,45.1442,34.9545,-0.0138184,0.63042,,
20150705_M03_paired_02.wav,21,i,11161.6,11205.7,0.0441497,2612.77,-2.38859,8.52245,53.685,31.144,-0.0113129,0.81294,,
20150705_M03_paired_02.wav,22,i,11331.9,11366.8,0.034898,2385.63,-3.34103,8.11292,47.8052,32.39,-0.0223597,0.441476,,
20150705_M03_paired_02.wav,23,m,11486.9,11889.8,0.402834,2814.7,-2.74981,14.1252,43.3247,36.909,-0.000480599,0.572392,,
20150705_M03_paired_02.wav,24,p,11962.3,12633.7,0.671311,2158.19,-4.16575,9.76943,38.3088,4.55277,-0.000389569,0.918554,,
20150705_M03_paired_02.wav,25,o,12833.1,12877.1,0.0439909,4917.95,-2.65231,12.3537,55.2634,49.4521,-0.0275723,0.292792,,
0,0,End,0.0,0.0,0.0,0.0,0.0,0.0,0.0,0.0,0.0,0.0,0.0,0.0
0,0,Start,0.0,0.0,0.0,0.0,0.0,0.0,0.0,0.0,0.0,0.0,0.0,0.0
20150705_M03_paired_02.wav,26,i,16566.3,16612.4,0.0461451,2224.75,-2.75816,7.576,48.4397,38.5583,-0.0211809,0.538071,,
20150705_M03_paired_02.wav,27,i,16743.0,16794.2,0.0511791,2185.47,-2.889,8.20997,50.0254,33.7493,-0.0168761,0.376429,,
20150705_M03_paired_02.wav,28,a,16912.7,17219.6,0.306939,2029.11,-4.9891,16.1029,31.4111,2.48066,-0.00184661,0.324264,,
20150705_M03_paired_02.wav,29,b,17242.8,17341.7,0.0989116,3612.16,-3.93437,21.6366,63.8011,19.6164,-0.010804,0.922763,,
20150705_M03_paired_02.wav,30,c,17359.2,17410.0,0.050771,2277.57,-3.21203,11.4807,40.0007,31.4489,-0.0114032,0.868135,,
20150705_M03_paired_02.wav,31,d,17444.0,17748.0,0.30399,4090.96,-4.61422,18.1384,22.6411,19.0943,-0.00572295,1.9927,,
20150705_M03_paired_02.wav,32,e,17775.9,17904.7,0.128844,6382.38,-3.5651,21.1739,36.0831,36.2827,-0.0105424,2.84463,,
20150705_M03_paired_02.wav,33,f,17944.2,18218.1,0.273878,5024.5,-5.54644,30.025,14.032,8.23266,-0.00399802,0.699905,,
20150705_M03_paired_02.wav,34,k,18286.1,18321.3,0.0351927,4241.38,-1.6228,12.8342,54.7858,48.3947,-0.0611611,0.0964229,,
20150705_M03_paired_02.wav,35,g,18432.8,18520.2,0.087415,2802.9,-2.33474,13.7483,47.6355,38.3226,-0.0053023,0.466019,,
20150705_M03_paired_02.wav,36,k,18634.9,18679.3,0.0443319,5344.38,-2.24307,15.5865,41.9928,29.4878,-0.0181879,0.524647,,
20150705_M03_paired_02.wav,37,m,18729.9,19046.6,0.316656,3226.44,-2.96426,13.9359,43.8073,39.5183,-0.00345014,0.185383,,
20150705_M03_paired_02.wav,38,n,19117.3,19593.5,0.476236,3369.68,-4.90328,16.0996,27.477,5.90582,0.000648195,0.696227,,
20150705_M03_paired_02.wav,39,o,19707.7,19744.7,0.0369841,4834.33,-2.57705,9.21964,56.8871,48.5444,-0.0222112,0.46838,,
20150705_M03_paired_02.wav,40,h,19907.3,19982.9,0.0756236,2809.12,-2.22655,11.4838,49.1522,26.4,-0.000407445,0.593916,,
20150705_M03_paired_02.wav,41,k,20270.5,20304.3,0.0338322,5237.37,-1.13417,8.60579,70.6117,50.1067,-0.0090975,0.204442,,
20150705_M03_paired_02.wav,42,o,20515.4,20566.2,0.0507483,5421.61,-2.10265,12.9651,53.8662,45.8914,-0.0163914,0.401622,,
20150705_M03_paired_02.wav,43,i,20718.3,20755.6,0.0372789,2332.37,-3.42248,11.7483,46.8667,41.9282,0.0075458,1.02376,,
20150705_M03_paired_02.wav,44,i,20879.6,20926.3,0.0466893,2293.05,-3.44227,10.2129,40.2348,32.3304,-0.0204109,1.09108,,
20150705_M03_paired_02.wav,45,i,21045.6,21091.4,0.0457143,2289.83,-3.33107,8.66098,46.0491,35.6131,-0.0132475,0.658036,,
20150705_M03_paired_02.wav,46,i,21213.6,21254.6,0.0410884,2314.84,-3.3355,9.02234,47.6323,30.2205,-0.013546,0.521907,,
20150705_M03_paired_02.wav,47,i,21392.4,21426.7,0.0342857,2254.18,-3.27486,7.74187,47.4229,43.4835,-0.010045,0.311708,,
20150705_M03_paired_02.wav,48,m,21572.7,21954.7,0.382041,2714.46,-3.18657,14.8908,41.6183,36.4539,-4.01e-05,0.130915,,
20150705_M03_paired_02.wav,49,p,22049.5,22546.5,0.497029,1978.84,-4.44873,10.8491,35.2591,3.06141,0.00037363,0.577985,,
0,0,End,0.0,0.0,0.0,0.0,0.0,0.0,0.0,0.0,0.0,0.0,0.0,0.0
0,0,Start,0.0,0.0,0.0,0.0,0.0,0.0,0.0,0.0,0.0,0.0,0.0,0.0
20150705_M03_paired_02.wav,50,i,28769.7,28814.1,0.0443764,2268.91,-3.19426,11.0712,50.1327,44.4961,0.00833749,1.66785,,
20150705_M03_paired_02.wav,51,a,28979.6,29355.2,0.375624,1992.11,-5.12884,15.7471,30.2278,2.12244,0.000837533,0.21321,,
20150705_M03_paired_02.wav,52,b,29378.8,29468.0,0.0892744,3537.95,-3.39077,14.6152,64.8189,26.4209,0.00257033,0.788482,,
20150705_M03_paired_02.wav,53,c,29501.5,29558.3,0.0568254,2217.91,-3.55599,10.3503,41.757,32.4301,0.00363458,1.1987,,
20150705_M03_paired_02.wav,54,d,29588.7,29870.5,0.281824,4022.6,-4.35582,14.9044,27.2704,15.9902,-0.0036981,1.98202,,
20150705_M03_paired_02.wav,55,e,29898.5,30029.6,0.131179,6178.53,-3.1303,16.925,42.0529,40.2531,-0.00536072,2.22824,,
20150705_M03_paired_02.wav,56,f,30071.6,30345.8,0.27424,5034.3,-5.56202,26.11,14.6185,5.42446,-0.00291304,0.607666,,
20150705_M03_paired_02.wav,57,k,30416.5,30450.0,0.0335147,4455.3,-1.40379,10.9951,54.8696,57.8891,-0.0238414,0.0241651,,
20150705_M03_paired_02.wav,58,g,30572.0,30647.6,0.0756463,2590.41,-3.08649,15.3794,45.1411,36.8978,0.000300422,0.508822,,
20150705_M03_paired_02.wav,59,k,30782.6,30816.5,0.0338549,4830.36,-1.46981,13.0703,52.0258,48.8271,-0.0290963,0.0643323,,
20150705_M03_paired_02.wav,60,m,30887.3,31254.0,0.36678,2554.06,-3.22954,12.2804,46.4892,43.0784,-0.000195215,0.122327,,
20150705_M03_paired_02.wav,61,n,31346.8,31809.5,0.462698,3390.12,-4.93238,13.8477,27.9989,1.66935,0.000566765,0.209079,,
0,0,End,0.0,0.0,0.0,0.0,0.0,0.0,0.0,0.0,0.0,0.0,0.0,0.0
0,0,Start,0.0,0.0,0.0,0.0,0.0,0.0,0.0,0.0,0.0,0.0,0.0,0.0
20150705_M03_paired_02.wav,62,k,36296.5,36338.2,0.0416327,5546.55,-1.44722,12.8272,61.928,51.4018,0.0168274,0.0592478,,
20150705_M03_paired_02.wav,63,i,37221.6,37261.5,0.0398186,2274.2,-3.41271,7.94268,49.16,39.7717,0.0155184,1.3326,,
20150705_M03_paired_02.wav,64,i,37392.0,37428.1,0.0361224,2268.99,-3.51121,7.77645,48.0442,42.8555,0.017598,1.19499,,
20150705_M03_paired_02.wav,65,i,37560.8,37593.1,0.0323356,2318.56,-3.59469,8.69687,46.9075,46.2139,0.0148141,1.25106,,
20150705_M03_paired_02.wav,66,m,37750.6,38122.7,0.372177,2691.54,-3.36639,15.3602,41.7549,35.9784,0.000574432,0.132035,,
20150705_M03_paired_02.wav,67,p,38227.7,38826.2,0.59848,2006.69,-4.43457,9.78032,37.5388,2.82273,-0.00181813,0.760924,,
0,0,End,0.0,0.0,0.0,0.0,0.0,0.0,0.0,0.0,0.0,0.0,0.0,0.0
0,0,Start,0.0,0.0,0.0,0.0,0.0,0.0,0.0,0.0,0.0,0.0,0.0,0.0
20150705_M03_paired_02.wav,68,i,45137.6,45180.6,0.0429705,2508.09,-2.77573,10.4496,48.8283,43.7179,0.0361356,2.0322,,
20150705_M03_paired_02.wav,69,a,45397.4,45726.7,0.329322,2071.24,-4.24683,10.0314,37.1924,5.34723,0.0028373,0.510917,,
20150705_M03_paired_02.wav,70,b,45745.7,45843.9,0.0981634,3560.07,-3.47428,15.6204,66.9289,19.8013,-0.0110088,1.02241,,
20150705_M03_paired_02.wav,71,c,45869.2,45929.4,0.0601647,2139.9,-3.14933,8.07089,46.2845,39.3314,-0.0214437,1.78352,,
20150705_M03_paired_02.wav,72,d,45961.1,46211.2,0.250158,3971.98,-4.50365,17.8898,26.653,20.8228,-0.00582035,2.4783,,
20150705_M03_paired_02.wav,73,e,46236.5,46368.2,0.131655,6580.82,-3.32611,20.2096,44.0999,40.8515,0.00549786,2.87556,,
20150705_M03_paired_02.wav,74,f,46410.6,46722.9,0.31229,5005.01,-5.55684,27.7443,15.3928,7.21331,0.00132034,0.970206,,
20150705_M03_paired_02.wav,75,k,46785.3,46820.6,0.0352608,4257.02,-1.44233,12.3789,49.6951,50.7557,-0.0178749,0.103779,,
20150705_M03_paired_02.wav,76,g,46936.9,47017.1,0.0802268,2659.79,-3.12471,15.3566,46.9249,33.2792,0.0117032,0.624368,,
20150705_M03_paired_02.wav,77,k,47132.9,47170.6,0.0377098,5026.56,-1.4891,15.076,55.9632,51.8472,-0.0353004,0.181888,,
20150705_M03_paired_02.wav,78,m,47236.1,47731.8,0.495714,2657.93,-3.42661,13.2806,43.8374,38.1666,0.000320945,0.123113,,
20150705_M03_paired_02.wav,79,n,47803.8,48240.7,0.436893,3399.62,-5.35286,17.8767,21.6043,3.34213,0.00412145,0.377844,,
20150705_M03_paired_02.wav,80,o,48340.0,48384.3,0.0443537,4941.66,-2.16772,11.7501,49.5898,52.8068,0.0251875,0.589171,,
20150705_M03_paired_02.wav,81,h,48487.7,48576.8,0.089093,3401.27,-1.88534,10.7906,50.1259,33.5299,0.0104307,0.623066,,
20150705_M03_paired_02.wav,82,k,48720.9,48765.2,0.0442857,5302.79,-1.49872,12.1583,55.1026,44.8358,0.0190472,0.0998234,,
20150705_M03_paired_02.wav,83,o,48998.9,49043.1,0.0442177,6206.91,-2.2631,12.914,46.2631,46.9488,0.0135664,0.782827,,
20150705_M03_paired_02.wav,84,i,49169.3,49214.4,0.0451474,2300.36,-3.37034,9.71479,39.9974,36.8113,0.0404077,1.44125,,
20150705_M03_paired_02.wav,85,i,49381.2,49424.5,0.0432653,2252.14,-3.36493,8.47718,44.253,38.2368,0.036383,1.09231,,
20150705_M03_paired_02.wav,86,i,49541.8,49591.4,0.0495918,2315.49,-3.78877,9.7501,36.0405,30.4895,0.0251795,1.49398,,
20150705_M03_paired_02.wav,87,i,49706.1,49754.3,0.0481859,2316.44,-3.73578,9.95118,43.149,34.1342,0.0252124,1.67316,,
20150705_M03_paired_02.wav,88,i,49873.2,49922.4,0.049161,2244.79,-3.91226,9.79913,42.0898,35.3586,0.0250374,1.50966,,
20150705_M03_paired_02.wav,89,m,50054.4,50374.2,0.319819,2660.18,-3.43909,15.2418,43.8635,33.4909,0.00515519,0.098473,,
20150705_M03_paired_02.wav,90,p,50480.1,51243.2,0.763141,2036.56,-4.36268,9.9245,35.8909,2.87833,-0.00322024,0.859577,,
20150705_M03_paired_02.wav,91,o,51508.7,51551.9,0.0432653,4653.0,-2.05454,12.6835,53.8564,52.8933,0.045652,0.379535,,
20150705_M03_paired_02.wav,92,k,51743.4,51771.6,0.0282313,3976.42,-1.51472,8.58796,54.6992,50.5331,0.0082345,0.212553,,
20150705_M03_paired_02.wav,93,g,51877.0,51959.8,0.0828118,2582.93,-2.91688,15.5384,45.2667,36.8417,0.0151096,0.495212,,
20150705_M03_paired_02.wav,94,k,52096.0,52131.6,0.0356009,5236.57,-1.49986,12.7188,53.7577,45.8644,-0.00814642,0.188053,,
20150705_M03_paired_02.wav,95,m,52205.5,52492.1,0.286553,2566.44,-3.39689,13.9495,43.5826,38.5641,0.00180699,0.169257,,
20150705_M03_paired_02.wav,96,n,52565.5,53073.4,0.507891,3435.19,-4.90929,18.3375,26.2924,4.06684,0.00363461,0.834315,,
0,0,End,0.0,0.0,0.0,0.0,0.0,0.0,0.0,0.0,0.0,0.0,0.0,0.0
0,0,Start,0.0,0.0,0.0,0.0,0.0,0.0,0.0,0.0,0.0,0.0,0.0,0.0
20150705_M03_paired_03.wav,21,i,12561.0,12617.5,0.0565306,2361.14,-3.41446,6.9806,44.7335,42.7578,-0.0176477,1.22229,,
20150705_M03_paired_03.wav,22,i,12732.9,12789.3,0.0563946,2377.39,-3.42795,6.85803,45.0619,42.9505,-0.0124835,1.3215,,
20150705_M03_paired_03.wav,23,i,12897.9,12939.5,0.0415193,2325.61,-3.77187,9.9812,43.2045,45.6486,0.00556916,1.52342,,
20150705_M03_paired_03.wav,24,i,13049.5,13114.2,0.0646485,2306.37,-3.56189,7.02908,41.1346,29.4198,-0.0247551,1.40249,,
20150705_M03_paired_03.wav,25,m,13222.4,13619.8,0.397415,2677.76,-3.2064,14.9228,43.7215,38.4119,-0.00240716,0.557609,,
20150705_M03_paired_03.wav,26,p,13710.6,14416.7,0.706143,2077.69,-4.2397,8.473,35.7662,3.24199,-0.00292186,1.10482,,
20150705_M03_paired_03.wav,27,o,14603.6,14652.8,0.0491837,5066.93,-2.27562,7.98569,51.2758,57.8109,-0.0241516,0.494802,,
20150705_M03_paired_03.wav,28,k,14907.9,14944.6,0.036712,3747.23,-1.73302,7.52736,51.0876,44.8127,-0.0721752,0.233395,,
20150705_M03_paired_03.wav,29,g,15037.2,15124.0,0.0868027,2476.96,-2.89832,13.03,58.1897,35.8675,-0.00179538,0.438696,,
20150705_M03_paired_03.wav,30,k,15274.9,15316.6,0.041678,4729.0,-1.16455,9.49089,56.1225,50.3817,-0.0827802,0.0751611,,
20150705_M03_paired_03.wav,31,m,15368.3,15625.9,0.257574,2551.37,-3.37833,12.7733,44.7389,44.6232,-0.00330259,0.366625,,
20150705_M03_paired_03.wav,32,n,15665.9,16084.0,0.418073,3415.27,-4.88116,14.8858,26.5674,5.96097,-0.000873274,1.0027,,
20150705_M03_paired_03.wav,33,o,16185.2,16234.9,0.0497052,4746.91,-1.88025,8.94132,47.2564,45.7039,-0.0111406,0.338893,,
20150705_M03_paired_03.wav,34,h,16329.9,16428.2,0.0983447,3407.43,-1.27483,9.55888,50.2057,27.7543,-0.00562855,0.769079,,
20150705_M03_paired_03.wav,35,k,16589.2,16633.2,0.0440363,5523.79,-1.16526,9.00898,50.6568,41.4318,-0.0246235,0.441204,,
20150705_M03_paired_03.wav,36,o,16844.7,16904.0,0.0592517,6211.81,-1.88911,10.7664,49.4557,43.6017,-0.0214036,0.559027,,
20150705_M03_paired_03.wav,37,i,17076.7,17127.3,0.050665,2220.27,-3.41578,9.62411,42.7584,29.9556,-0.0402372,1.15873,,
20150705_M03_paired_03.wav,38,i,17280.8,17344.3,0.0635147,2316.04,-3.64944,8.75396,39.1837,22.5389,-0.0125424,1.28744,,
20150705_M03_paired_03.wav,39,i,17456.5,17515.6,0.059093,2308.1,-3.22222,6.16207,43.1324,28.909,-0.0113711,1.19127,,
20150705_M03_paired_03.wav,40,i,17616.6,17680.1,0.063424,2265.81,-3.52323,7.24568,43.0609,27.3932,-0.0125911,1.43149,,
20150705_M03_paired_03.wav,41,i,17771.1,17827.4,0.0562585,2296.66,-3.19499,5.84499,42.8599,28.3493,-0.00385939,1.22645,,
20150705_M03_paired_03.wav,42,m,17970.2,18394.6,0.424422,2662.67,-3.36582,14.7402,41.6013,37.0776,-0.00233721,0.216312,,
20150705_M03_paired_03.wav,43,p,18459.3,19208.6,0.749342,2025.04,-4.48195,10.5912,35.5245,4.42956,-0.000590866,1.02684,,
20150705_M03_paired_03.wav,44,o,19335.9,19390.6,0.0546712,4895.12,-2.10775,9.10138,47.1347,51.3703,-0.0254029,0.411916,,
20150705_M03_paired_03.wav,45,k,19691.5,19725.4,0.0339229,3639.1,-1.51299,5.73536,47.0458,45.1675,-0.0617491,0.115887,,
20150705_M03_paired_03.wav,46,g,19834.1,19929.3,0.0951701,2518.52,-2.44987,9.99418,40.2215,25.9824,-0.00272353,0.215188,,
20150705_M03_paired_03.wav,47,k,20090.4,20132.4,0.0420181,4884.33,-1.17784,11.0297,59.4539,54.5224,-0.0710636,0.0646383,,
20150705_M03_paired_03.wav,48,m,20185.9,20708.5,0.522608,2589.44,-3.34064,13.4585,42.6505,37.4914,-0.000923587,0.182072,,
20150705_M03_paired_03.wav,49,p,20901.6,21468.0,0.566417,1998.81,-4.31293,8.75467,36.0692,2.1537,0.000438605,0.610593,,
0,0,End,0.0,0.0,0.0,0.0,0.0,0.0,0.0,0.0,0.0,0.0,0.0,0.0
0,0,Start,0.0,0.0,0.0,0.0,0.0,0.0,0.0,0.0,0.0,0.0,0.0,0.0
20150705_M03_paired_03.wav,50,i,30265.7,30332.1,0.0664626,2322.52,-3.45042,8.97158,39.6542,28.5164,0.0017158,1.87661,,
20150705_M03_paired_03.wav,51,a,30604.1,30895.9,0.291859,2012.15,-4.76934,13.0686,32.8632,3.4383,0.00223255,0.731168,,
20150705_M03_paired_03.wav,52,b,30902.7,31009.6,0.106893,3543.64,-3.29259,16.6433,70.6586,25.1257,0.00183108,1.09786,,
20150705_M03_paired_03.wav,53,c,31030.6,31093.3,0.0626757,2205.7,-3.42478,11.0402,45.9198,35.2067,0.00164473,1.09586,,
20150705_M03_paired_03.wav,54,d,31114.4,31424.2,0.309841,4026.75,-4.6797,20.4012,23.407,19.327,0.00112388,2.39046,,
20150705_M03_paired_03.wav,55,e,31447.0,31585.7,0.138753,6481.66,-3.21102,19.1284,42.2,45.3446,-0.00690696,3.20112,,
20150705_M03_paired_03.wav,56,f,31616.1,31914.3,0.298209,4971.38,-5.54623,32.4278,15.0264,9.03179,0.00157215,1.26113,,
20150705_M03_paired_03.wav,57,k,31985.6,32024.5,0.0389342,4423.4,-1.30725,11.1014,51.0775,48.1974,-0.0629921,0.106111,,
20150705_M03_paired_03.wav,58,g,32128.3,32224.2,0.0959184,2608.58,-2.71659,10.675,41.8696,30.7175,0.00315826,0.286803,,
20150705_M03_paired_03.wav,59,k,32319.0,32362.2,0.0432653,4895.71,-1.58932,14.3366,48.4969,49.4094,-0.072557,0.200977,,
20150705_M03_paired_03.wav,60,m,32404.6,32708.2,0.303673,2618.75,-3.29663,12.1177,45.4414,39.9509,0.000130012,0.282667,,
20150705_M03_paired_03.wav,61,n,32763.4,33185.9,0.422426,3371.48,-4.70298,13.2706,29.7016,4.29518,0.0012551,0.60991,,
20150705_M03_paired_03.wav,62,o,33272.4,33326.0,0.0535828,4912.33,-2.87173,11.865,42.4726,43.7382,-0.00261495,0.773586,,
20150705_M03_paired_03.wav,63,h,33417.9,33514.0,0.0961224,3405.82,-1.9615,10.1627,53.1307,37.4546,0.000355618,0.678205,,
20150705_M03_paired_03.wav,64,k,33660.5,33705.5,0.0450567,5373.76,-1.35878,10.5754,54.505,47.1403,0.0111724,0.372343,,
20150705_M03_paired_03.wav,65,k,33900.9,33936.0,0.0351701,6159.32,-0.486177,6.20932,50.8173,53.8957,-0.0195367,0.0696016,,
20150705_M03_paired_03.wav,66,o,33962.2,34016.0,0.0538095,5370.39,-2.47595,12.9587,52.0386,48.8341,0.00513449,1.06485,,
20150705_M03_paired_03.wav,67,i,34175.7,34242.2,0.0664626,2309.05,-2.7759,9.22633,45.9385,29.8285,0.00402982,1.04274,,
20150705_M03_paired_03.wav,68,a,34415.6,34715.4,0.299819,1992.17,-5.06463,14.7008,27.8904,2.60074,0.000413306,0.801482,,
20150705_M03_paired_03.wav,69,b,34726.9,34824.2,0.0972789,3722.58,-3.61868,17.8102,65.1329,25.1018,0.00471634,1.07598,,
20150705_M03_paired_03.wav,70,c,34848.6,34912.5,0.0638322,2183.66,-3.33916,9.84586,50.7488,36.6959,0.00532901,1.53714,,
20150705_M03_paired_03.wav,71,d,34940.7,35278.4,0.33771,3992.07,-4.70639,19.2087,25.883,19.2501,0.00303451,2.09512,,
20150705_M03_paired_03.wav,72,e,35294.9,35443.0,0.148141,6206.45,-3.04753,18.8479,45.557,40.728,-0.00756947,2.95528,,
20150705_M03_paired_03.wav,73,f,35475.8,35777.1,0.301338,4938.91,-5.49798,31.8057,16.4556,7.0558,0.00129821,1.30381,,
20150705_M03_paired_03.wav,74,k,35871.8,35914.6,0.0427664,4590.9,-1.59508,11.7923,47.4087,51.6941,-0.044161,0.084086,,
20150705_M03_paired_03.wav,75,g,36027.1,36120.5,0.0933787,2589.36,-2.99123,12.8108,46.2272,36.3578,0.00537217,0.587661,,
20150705_M03_paired_03.wav,76,k,36248.2,36290.1,0.0419048,4925.28,-1.28626,12.1995,50.9822,53.4624,-0.0443963,0.0980085,,
20150705_M03_paired_03.wav,77,m,36339.5,36531.5,0.192041,2539.36,-3.04562,9.67683,46.5662,40.021,-0.00137864,0.369896,,
20150705_M03_paired_03.wav,78,k,36788.9,36821.3,0.0323356,6436.95,-0.721102,5.76468,57.4173,54.2923,-0.0168268,0.204129,,
0,0,End,0.0,0.0,0.0,0.0,0.0,0.0,0.0,0.0,0.0,0.0,0.0,0.0
0,0,Start,0.0,0.0,0.0,0.0,0.0,0.0,0.0,0.0,0.0,0.0,0.0,0.0
20150705_M03_paired_03.wav,79,i,43399.4,43448.0,0.0485714,2817.55,-2.2832,7.00145,51.2213,42.708,0.0246559,1.17765,,
20150705_M03_paired_03.wav,80,i,43837.6,43867.7,0.0301361,2655.2,-2.91667,2.28453,44.4048,34.4754,0.0357701,0.523743,,
20150705_M03_paired_03.wav,81,a,44094.3,44425.1,0.330726,2023.77,-4.6669,11.9476,30.7694,3.47657,0.0027015,0.817421,,
20150705_M03_paired_03.wav,82,b,44431.3,44529.4,0.0980952,3655.06,-3.56011,16.2545,80.8276,21.7435,0.00278112,0.965486,,
20150705_M03_paired_03.wav,83,c,44552.9,44612.8,0.0599093,2173.81,-3.00794,8.39824,45.4158,42.2208,0.0220061,1.51395,,
20150705_M03_paired_03.wav,84,d,44640.3,44928.5,0.288157,4066.75,-3.84571,11.8991,30.5388,25.8985,-0.00204097,2.88269,,
20150705_M03_paired_03.wav,85,e,44950.9,45096.1,0.145238,6402.83,-3.04592,17.0944,44.2193,45.9035,-0.00432007,2.38819,,
20150705_M03_paired_03.wav,86,f,45127.0,45402.7,0.275714,4984.16,-5.51939,31.1534,13.4305,7.21013,-8.98e-05,1.51402,,
20150705_M03_paired_03.wav,87,k,45474.2,45510.2,0.0359864,4235.47,-1.54968,12.3297,52.7919,54.2673,-0.0441672,0.107221,,
20150705_M03_paired_03.wav,88,g,45607.9,45723.2,0.115306,2908.53,-1.72113,10.0766,54.7789,40.4273,0.00577404,1.03969,,
20150705_M03_paired_03.wav,89,k,45816.3,45855.9,0.0396825,4681.65,-1.31578,9.99198,48.1561,50.2835,-0.0506697,0.166237,,
20150705_M03_paired_03.wav,90,m,45907.0,46288.3,0.381383,2599.62,-3.29248,12.6359,43.9595,41.4586,0.00151212,0.309748,,
20150705_M03_paired_03.wav,91,n,46356.1,46796.7,0.440522,3384.57,-4.48874,14.2274,31.5178,3.10421,0.000263144,0.658024,,
20150705_M03_paired_03.wav,92,o,46899.1,46951.2,0.0520408,4877.7,-2.29211,9.30873,58.1793,48.6896,0.0248489,0.81553,,
20150705_M03_paired_03.wav,93,h,47046.7,47137.6,0.0908844,3232.2,-1.87242,8.14,51.0708,37.6003,0.0115062,0.457702,,
20150705_M03_paired_03.wav,94,k,47310.7,47350.4,0.0396825,5329.06,-1.08623,6.28908,57.6056,45.846,0.0172699,0.394975,,
20150705_M03_paired_03.wav,95,o,47558.7,47614.7,0.0560091,5419.49,-2.07431,12.4009,48.7556,51.4984,0.0088554,0.68597,,
20150705_M03_paired_03.wav,96,i,47760.6,47818.1,0.057483,2332.44,-3.27236,8.23499,43.3449,39.0267,0.0226964,1.6703,,
20150705_M03_paired_03.wav,97,i,47953.4,48016.6,0.0632426,2311.78,-3.57388,8.8624,44.6042,31.7401,0.0159969,2.15217,,
20150705_M03_paired_03.wav,98,i,48130.6,48188.4,0.0578231,2283.87,-3.55072,6.56781,41.263,29.6508,0.0158726,1.32698,,
20150705_M03_paired_03.wav,99,i,48302.7,48355.9,0.0531293,2326.91,-3.4853,7.54335,42.6122,36.1821,0.0252825,2.294,,
20150705_M03_paired_03.wav,100,i,48481.0,48529.6,0.0485488,2376.12,-3.44527,7.24593,40.8963,33.9992,0.0221926,1.4111,,
20150705_M03_paired_03.wav,101,i,48648.8,48703.2,0.0544671,2323.79,-3.20733,5.69453,53.7321,41.751,0.0230045,1.21958,,
20150705_M03_paired_03.wav,102,m,48806.0,49177.5,0.371451,2699.39,-3.37179,14.0911,44.4525,39.5572,0.00123748,0.246548,,
20150705_M03_paired_03.wav,103,p,49278.5,49956.7,0.678209,2004.14,-4.39682,10.6206,36.1633,2.91233,0.00236466,0.88233,,
0,0,End,0.0,0.0,0.0,0.0,0.0,0.0,0.0,0.0,0.0,0.0,0.0,0.0
0,0,Start,0.0,0.0,0.0,0.0,0.0,0.0,0.0,0.0,0.0,0.0,0.0,0.0
20150705_M03_paired_04.wav,1,i,1671.79,1722.81,0.0510204,2312.98,-3.77214,11.1801,37.9683,31.2835,-0.0201264,1.21974,,
20150705_M03_paired_04.wav,2,i,1846.55,1895.94,0.0493878,2504.87,-3.17862,8.91906,37.684,23.6944,-0.0255065,1.20948,,
20150705_M03_paired_04.wav,3,i,2032.72,2062.83,0.0301134,2404.31,-3.81445,9.04623,45.2759,41.2878,-0.0289942,0.863574,,
20150705_M03_paired_04.wav,4,i,2208.71,2248.8,0.0400907,2262.94,-3.84255,9.56409,35.3963,31.9668,-0.0164496,1.15372,,
20150705_M03_paired_04.wav,5,m,2397.01,2784.97,0.387959,2554.89,-3.21158,15.0928,42.7394,38.605,-0.00150444,0.354528,,
20150705_M03_paired_04.wav,6,p,2873.68,3484.82,0.611146,1976.84,-4.05245,7.70534,36.388,4.23161,-0.00228449,0.868702,,
20150705_M03_paired_04.wav,7,o,3743.61,3779.09,0.0354875,5041.29,-2.75115,10.6554,45.6307,45.9659,-0.0232477,0.58302,,
0,0,End,0.0,0.0,0.0,0.0,0.0,0.0,0.0,0.0,0.0,0.0,0.0,0.0
0,0,Start,0.0,0.0,0.0,0.0,0.0,0.0,0.0,0.0,0.0,0.0,0.0,0.0
20150705_M03_paired_04.wav,8,i,12658.7,12696.6,0.0379365,2935.84,-2.13255,7.29317,54.4114,44.4531,0.031868,0.744173,,
20150705_M03_paired_04.wav,9,i,13375.3,13456.2,0.0809524,3351.86,-2.31661,8.95871,50.178,37.7755,0.0131104,3.24483,,
20150705_M03_paired_04.wav,10,i,13584.8,13631.6,0.04678,2293.47,-3.77283,9.20643,40.1038,35.8005,0.0135331,1.20099,,
20150705_M03_paired_04.wav,11,i,13758.1,13802.7,0.0446712,2406.12,-3.72535,8.33657,41.225,34.4727,0.00954834,1.09378,,
20150705_M03_paired_04.wav,12,i,13927.7,13971.7,0.0440136,2347.88,-3.78336,8.62816,43.5525,41.7934,0.0231166,1.06459,,
20150705_M03_paired_04.wav,13,i,14092.4,14133.9,0.041542,2212.94,-3.85094,9.47513,46.0814,33.5707,0.016138,1.57362,,
20150705_M03_paired_04.wav,14,m,14279.5,14642.7,0.363197,2732.62,-3.55415,15.7572,39.1374,37.2334,0.00151491,0.141527,,
20150705_M03_paired_04.wav,15,p,14736.6,15246.4,0.509816,1977.16,-4.57446,11.255,36.0371,4.42248,0.00324631,1.37799,,
20150705_M03_paired_04.wav,16,k,15531.4,15572.5,0.0411653,4383.62,-1.05297,-3.80443,52.7075,50.5284,0.00731188,0.192844,,
0,0,End,0.0,0.0,0.0,0.0,0.0,0.0,0.0,0.0,0.0,0.0,0.0,0.0
