0,Start,h,k,i,a,b,c,d,e,f,End,g,m,n,o,p
Start,0,0.05,0.21,0.63,0,0,0,0,0,0,0,0,0,0,0.11,0
h,0,0,1,0,0,0,0,0,0,0,0,0,0,0,0,0
k,0,0,0.05,0.14,0,0,0,0,0,0,0.09,0.28,0.26,0,0.14,0
i,0,0,0,0.65,0.18,0,0,0,0,0,0,0,0.17,0,0,0
a,0,0,0,0,0,1,0,0,0,0,0,0,0,0,0,0
b,0,0,0,0,0,0,1,0,0,0,0,0,0,0,0,0
c,0,0,0,0,0,0,0,1,0,0,0,0,0,0,0,0
d,0,0,0,0,0,0,0,0,1,0,0,0,0,0,0,0
e,0,0,0,0,0,0,0,0,0,1,0,0,0,0,0,0
f,0,0,1,0,0,0,0,0,0,0,0,0,0,0,0,0
End,0,0,0,0,0,0,0,0,0,0,0,0,0,0,0,0
g,0,0,0.94,0,0,0,0,0,0,0,0.06,0,0,0,0,0
m,0,0,0,0,0,0,0,0,0,0,0,0,0,0.46,0,0.5
n,0,0,0,0,0,0,0,0,0,0,0.15,0,0,0,0.85,0
o,0,0.38,0.19,0.23,0,0,0,0,0,0,0.19,0,0,0,0,0
p,0,0,0.21,0,0,0,0,0,0,0,0.29,0,0,0,0.36,0
