20150622_M09_paired_01.wav,1,i,9561.84,9579.75,0.0179138,2537.39,-3.5513,11.4333,45.3959,45.3802,-0.0129652,0.455702
20150622_M09_paired_01.wav,2,a,9734.56,9977.57,0.243016,3284.31,-2.9849,19.2989,41.5009,42.234,-0.00630934,0.0866028
20150622_M09_paired_01.wav,3,b,10056.8,10129.2,0.0723583,2742.15,-4.25822,11.7839,37.0944,8.50343,-0.0063626,0.340397
20150622_M09_paired_01.wav,4,c,10145.6,10195.6,0.0500907,4611.29,-2.52174,22.2206,43.7937,45.7616,-0.06946,0.147445
20150622_M09_paired_01.wav,5,d,10247.6,10379.9,0.132222,4322.4,-5.17878,28.4537,24.845,11.7422,-0.0117026,0.576616
20150622_M09_paired_01.wav,6,e,10391.6,10497.3,0.105646,6117.79,-4.40837,21.8848,30.0487,38.678,-0.031369,1.02336
20150622_M09_paired_01.wav,7,f,10523.3,10594.2,0.070907,2758.9,-5.02506,20.0953,29.2219,27.8489,-0.0219714,0.944428
20150622_M09_paired_01.wav,8,g,10644.4,11347.3,0.702977,3213.18,-4.84621,19.6545,26.4082,16.7996,0.00224716,0.902531
20150622_M09_paired_01.wav,9,h,11377.3,11447.4,0.0701361,6265.91,-4.55705,27.1505,31.2074,28.7972,-0.0238793,0.61258
20150622_M09_paired_01.wav,10,m,11467.6,11545.9,0.078322,6953.74,-5.63975,28.9454,13.5839,23.9745,-0.0297679,0.839832
20150622_M09_paired_01.wav,11,m,11563.1,11642.6,0.0795465,6986.01,-5.53226,27.5311,16.9983,31.1421,-0.0300558,1.16553
20150622_M09_paired_01.wav,12,m,11664.9,11749.7,0.0848299,6909.92,-5.48353,26.4575,17.5051,25.0003,-0.0264043,1.21865
20150622_M09_paired_01.wav,13,m,11770.4,11869.1,0.0986848,6952.82,-5.35833,26.0708,16.3766,19.2099,-0.0333228,1.02886
20150622_M09_paired_01.wav,14,m,11877.5,11961.8,0.084263,6967.5,-5.52615,28.179,14.6057,25.209,-0.0181684,1.04828
20150622_M09_paired_01.wav,15,m,11986.6,12070.9,0.0843311,6874.7,-5.44301,27.4755,14.714,18.7211,-0.0360057,1.12818
20150622_M09_paired_01.wav,16,m,12092.0,12174.5,0.082517,6834.86,-5.38791,27.7817,16.1741,32.1474,-0.0319782,1.2498
20150622_M09_paired_01.wav,17,m,12201.2,12283.3,0.0821088,6858.75,-5.60544,30.0864,11.2106,17.3343,-0.0282967,0.885557
20150622_M09_paired_01.wav,18,m,12310.3,12401.2,0.0909524,6930.83,-5.33305,24.8513,17.1568,28.6239,-0.031579,1.05509
20150622_M09_paired_01.wav,19,m,12421.0,12504.4,0.083356,6848.85,-5.5565,26.4615,17.3579,30.7764,-0.015441,1.23094
20150622_M09_paired_01.wav,20,i,12529.7,12559.7,0.0299773,2825.56,-3.52951,11.6506,40.0019,44.9895,-0.033316,0.290789
0,0,Start,0,1000000,0,0,0,0,0,0,0,0
20150622_M09_paired_01.wav,21,i,15714.3,15758.7,0.0443319,2426.74,-2.50285,2.11342,51.3167,49.0561,-0.00327152,1.47599
20150622_M09_paired_01.wav,22,a,15953.3,16149.4,0.196145,3029.76,-3.43691,16.7528,39.0764,40.707,-0.003862,0.129205
20150622_M09_paired_01.wav,23,b,16249.5,16309.6,0.0601647,2860.66,-3.72443,9.35454,50.5465,22.6232,-0.00421274,0.368142
20150622_M09_paired_01.wav,24,c,16333.1,16380.6,0.0475737,4486.63,-2.15407,21.8278,43.5545,51.6692,-0.0544982,0.0859725
20150622_M09_paired_01.wav,25,d,16441.0,16583.9,0.142902,4048.58,-5.07253,27.7079,35.9053,16.5351,-0.00508379,0.383671
20150622_M09_paired_01.wav,26,e,16604.3,16714.7,0.110431,6146.49,-4.61754,21.9333,25.8148,31.448,-0.0335112,1.34576
20150622_M09_paired_01.wav,27,b,16741.4,16808.3,0.0669388,2769.17,-4.94082,19.1627,24.655,24.2489,-0.0186619,0.509338
20150622_M09_paired_01.wav,28,g,16875.8,17585.1,0.70931,3212.92,-4.94257,20.2673,25.0799,18.4702,0.00228324,0.8413
20150622_M09_paired_01.wav,29,h,17619.8,17694.6,0.0748299,6157.89,-4.87807,28.3448,23.0093,26.9193,-0.0283567,0.746607
20150622_M09_paired_01.wav,30,m,17710.4,17780.2,0.0698186,6802.46,-5.39495,23.9782,15.3147,25.9501,-0.0348492,1.15555
20150622_M09_paired_01.wav,31,n,17808.6,17922.3,0.113651,6083.18,-4.7477,29.1102,27.5359,34.9111,-0.0240092,1.25272
20150622_M09_paired_01.wav,32,p,17941.1,17995.0,0.0538315,6623.32,-4.30299,25.5732,32.6469,30.7964,-0.019298,0.592132
20150622_M09_paired_01.wav,33,p,18014.0,18071.0,0.0569981,5805.37,-3.0976,24.506,34.9902,33.5198,-0.0360335,0.721695
20150622_M09_paired_01.wav,34,p,18101.4,18171.9,0.0704535,6322.72,-4.50673,22.8871,34.2128,29.4792,-0.0280022,0.648317
20150622_M09_paired_01.wav,35,p,18188.2,18253.7,0.0654422,5478.87,-3.16231,20.8419,43.6853,42.3945,-0.0239739,0.821322
20150622_M09_paired_01.wav,36,p,18284.3,18343.2,0.0589116,5149.72,-3.48524,24.2945,33.5619,37.8744,-0.0051198,1.29495
20150622_M09_paired_01.wav,37,q,18374.8,18583.4,0.208662,6372.9,-5.47508,20.4436,16.4242,7.85645,-0.0098405,0.309078
0,0,Start,0,1000000,0,0,0,0,0,0,0,0
20150622_M09_paired_01.wav,38,i,18612.8,18641.3,0.0284991,2863.95,-3.31717,7.717,48.5963,42.387,-0.0464963,0.327344
20150622_M09_paired_01.wav,39,q,24471.8,24708.0,0.236259,6782.7,-5.81593,28.6925,11.464,15.7288,-0.00162049,0.582547
20150622_M09_paired_01.wav,40,r,24743.7,24947.9,0.204195,5965.07,-5.38275,33.522,17.6552,18.2755,-0.000188519,1.12361
20150622_M09_paired_01.wav,41,q,24985.7,25165.6,0.179887,7016.82,-5.63944,31.0249,16.7789,22.3342,-0.00745419,0.570443
20150622_M09_paired_01.wav,42,r,25208.5,25441.6,0.233084,5900.28,-5.34162,31.0739,17.1518,14.9678,-0.00579064,0.961033
20150622_M09_paired_01.wav,43,q,25461.5,25648.9,0.187483,6978.87,-5.86365,33.9786,11.1369,14.1462,-0.00573625,0.566834
20150622_M09_paired_01.wav,44,r,25680.8,25911.6,0.230794,5902.24,-5.46837,30.9145,13.3579,13.2773,-0.00320779,1.04376
20150622_M09_paired_01.wav,45,q,25941.9,26120.5,0.178685,6964.62,-5.94533,34.7644,8.88552,11.0437,-0.00799621,0.690435
20150622_M09_paired_01.wav,46,r,26153.4,26415.2,0.261882,5853.23,-5.52088,30.5555,11.602,12.6153,-0.00165016,0.956938
20150622_M09_paired_01.wav,47,q,26435.0,26618.1,0.183129,6895.55,-5.82053,31.3433,12.1585,10.8095,-0.00686668,0.607879
20150622_M09_paired_01.wav,48,r,26653.5,26898.2,0.244649,5817.72,-5.539,30.5392,13.9284,17.6916,-0.000142609,1.07741
0,0,Start,0,1000000,0,0,0,0,0,0,0,0
20150622_M09_paired_01.wav,49,q,26940.3,27132.3,0.191995,6744.16,-5.90732,32.282,9.73764,15.4016,-0.00992995,0.415239
20150622_M09_paired_01.wav,50,r,27172.2,27461.7,0.289501,5247.98,-5.60754,35.9487,11.7822,19.1471,-0.000281908,0.939474
20150622_M09_paired_01.wav,51,q,31958.1,32191.4,0.23322,6788.78,-5.77878,28.7262,10.2539,17.3959,-0.00285946,0.716265
0,0,Start,0,1000000,0,0,0,0,0,0,0,0
20150622_M09_paired_01.wav,52,s,32228.6,32448.1,0.219456,6927.54,-5.17589,32.5396,31.2196,13.3512,-0.00250978,0.480586
20150622_M09_paired_01.wav,53,s,32481.2,32735.4,0.254218,6985.97,-5.02756,29.5089,37.6204,15.651,-0.0032038,0.588876
20150622_M09_paired_01.wav,54,s,32779.6,33010.0,0.230385,6867.4,-5.48526,33.8518,23.8787,7.64881,-0.00521861,0.615374
20150622_M09_paired_01.wav,55,k,44607.6,44634.6,0.0269841,4024.49,-1.82792,12.4479,49.3826,51.7657,0.0508258,0.311216
20150622_M09_paired_01.wav,56,k,45498.1,45525.2,0.0270522,4751.86,-2.06931,12.1274,49.704,49.7873,0.00659051,0.307209
20150622_M09_paired_01.wav,57,i,47422.3,47452.8,0.0304762,2634.02,-3.432,11.3397,58.1995,44.434,0.0595595,0.502237
20150622_M09_paired_01.wav,58,a,47578.4,47818.2,0.239796,3132.77,-3.25084,18.8468,42.043,39.0742,0.00726022,0.110001
20150622_M09_paired_01.wav,59,b,47914.8,47968.7,0.0538315,2605.57,-4.04008,9.9881,40.5663,7.89099,0.00147198,0.216101
20150622_M09_paired_01.wav,60,c,47990.3,48037.9,0.047619,4434.94,-2.63764,23.1746,47.934,50.658,-0.0148015,0.162038
20150622_M09_paired_01.wav,61,d,48097.7,48229.1,0.131429,4259.94,-5.02204,22.5505,37.9937,15.9191,0.0137145,0.464296
20150622_M09_paired_01.wav,62,e,48252.6,48353.1,0.100499,5905.14,-4.58361,21.657,28.0351,36.741,-0.0111767,1.1701
20150622_M09_paired_01.wav,63,f,48391.4,48456.5,0.0651474,2746.19,-5.11977,20.9152,26.1529,25.4009,0.027985,0.775684
20150622_M09_paired_01.wav,64,g,48532.3,49292.3,0.759975,3204.76,-4.67189,19.7251,27.4995,17.2651,0.00161849,1.09295
20150622_M09_paired_01.wav,65,h,49323.1,49392.6,0.0694558,6090.96,-4.43335,25.4653,32.9908,24.1375,-0.00346101,0.988766
20150622_M09_paired_01.wav,66,m,49407.3,49479.1,0.071746,6804.82,-5.13666,20.1257,22.0873,29.2105,0.00249536,1.14671
20150622_M09_paired_01.wav,67,n,49515.4,49630.5,0.115193,5922.02,-4.64964,30.8793,32.301,44.1414,-0.00181862,1.42841
20150622_M09_paired_01.wav,68,h,49643.0,49705.0,0.0619955,5618.23,-4.09036,26.5842,28.9571,33.3337,0.00187087,2.03898
20150622_M09_paired_01.wav,69,p,49720.5,49784.6,0.064127,5575.93,-3.08952,24.0337,38.7879,41.9333,0.013649,1.19134
20150622_M09_paired_01.wav,70,p,49816.0,49882.6,0.0666667,6180.85,-4.59263,24.7041,30.5292,38.4403,0.00117472,0.947475
0,0,Start,0,1000000,0,0,0,0,0,0,0,0
20150622_M09_paired_01.wav,71,p,49903.7,49962.9,0.0591837,5235.61,-3.2596,24.594,45.3831,39.6135,0.0159454,1.24155
20150622_M09_paired_01.wav,72,p,49998.7,50066.7,0.0679592,5107.05,-3.17848,21.5411,42.3824,42.4547,0.0140579,1.25497
20150622_M09_paired_01.wav,73,q,50094.2,50273.7,0.179501,6329.37,-5.72354,27.5042,12.7411,15.177,0.00512573,0.992517
20150622_M09_paired_01.wav,74,i,50304.1,50337.3,0.0331519,2944.55,-3.70261,12.2189,40.4065,40.4373,0.0474142,0.523426
20150622_M09_paired_01.wav,75,i,55344.2,55385.4,0.0411653,2457.97,-2.29702,1.52568,49.7148,43.8972,-0.0253699,0.938966
20150622_M09_paired_01.wav,76,a,55507.3,55731.6,0.224218,3091.4,-3.38693,17.7348,38.3068,34.7242,0.00574825,0.0965738
20150622_M09_paired_01.wav,77,b,55822.1,55899.1,0.0770295,3110.16,-4.07268,10.5155,40.8109,16.0623,0.0268951,0.318766
20150622_M09_paired_01.wav,78,c,55914.1,55964.8,0.0507029,4575.03,-2.74545,23.5015,46.6707,53.9479,-0.021258,0.267306
20150622_M09_paired_01.wav,79,d,56021.4,56149.2,0.1278,4347.97,-5.18154,28.7654,26.2112,15.4952,0.0156637,0.941013
20150622_M09_paired_01.wav,80,e,56177.0,56278.4,0.10133,6049.05,-4.39467,21.7008,30.4059,42.3843,-0.0389045,1.36723
20150622_M09_paired_01.wav,81,f,56303.8,56371.0,0.0672562,2723.74,-5.14004,21.7372,23.0895,21.1237,0.0497957,1.15067
20150622_M09_paired_01.wav,82,g,56429.9,57169.5,0.739592,3283.32,-4.93926,20.0155,25.3552,19.2799,0.00172083,0.80381
20150622_M09_paired_01.wav,83,h,57192.9,57268.4,0.0754649,5948.8,-4.36932,24.9664,32.5687,29.5902,-0.00260211,1.11441
20150622_M09_paired_01.wav,84,m,57280.7,57354.9,0.074195,6900.46,-5.27734,23.0264,19.5504,36.0338,0.00601271,1.70845
20150622_M09_paired_01.wav,85,n,57382.7,57498.4,0.115669,6199.63,-4.64551,29.6617,27.429,36.7186,0.000471055,1.76601
20150622_M09_paired_01.wav,86,h,57513.5,57581.4,0.0679138,5986.77,-3.70649,23.4176,32.9274,33.2454,0.00352879,1.94803
20150622_M09_paired_01.wav,87,p,57593.8,57658.1,0.0643311,5806.01,-3.21497,25.2053,40.0854,39.8578,0.00390442,0.886774
20150622_M09_paired_01.wav,88,p,57684.6,57759.0,0.0743764,6129.08,-4.48274,24.5648,32.8413,37.9662,0.00660815,1.18544
20150622_M09_paired_01.wav,89,p,57776.8,57842.6,0.0657823,5343.65,-3.10025,22.9832,40.8516,40.106,0.00319483,1.02911
20150622_M09_paired_01.wav,90,p,57875.1,57940.0,0.0648753,5028.79,-3.24337,21.4038,38.9158,33.5261,0.0163159,1.21927
20150622_M09_paired_01.wav,91,q,57987.9,58199.0,0.211111,6320.73,-5.63309,25.2488,13.4997,15.9712,0.0108933,0.950604
20150622_M09_paired_01.wav,92,i,58231.3,58259.8,0.0285034,2767.1,-3.07573,9.67144,57.8075,49.4492,0.0707528,0.526893
20150622_M09_paired_02.wav,1,i,4293.99,4325.9,0.0319048,2685.8,-3.83522,11.8106,43.7623,36.4919,-0.0722868,0.274676
20150622_M09_paired_02.wav,2,a,4457.12,4668.5,0.211383,3054.19,-3.26661,15.8399,40.0421,42.7506,-0.00239519,0.066889
20150622_M09_paired_02.wav,3,b,4766.89,4846.03,0.0791383,3221.77,-4.14588,14.4066,40.9528,15.4484,-0.0161783,1.16914
20150622_M09_paired_02.wav,4,c,4856.12,4908.14,0.0520181,4611.44,-2.41404,22.422,49.09,48.6417,-0.0722606,0.217521
20150622_M09_paired_02.wav,5,d,4969.05,5102.74,0.133696,4351.49,-5.0108,26.8128,38.5655,22.8111,-0.0137546,0.745963
20150622_M09_paired_02.wav,6,e,5120.59,5223.38,0.102789,6049.18,-4.58546,21.452,23.7619,35.124,-0.0387098,1.20032
20150622_M09_paired_02.wav,7,f,5252.08,5318.58,0.0664978,2743.36,-5.24411,22.2651,25.5923,18.1094,-0.00725839,0.455873
20150622_M09_paired_02.wav,8,g,5378.74,6046.89,0.668144,3240.26,-4.8678,19.5521,26.3469,20.6765,0.00663665,1.01641
20150622_M09_paired_02.wav,9,h,6085.31,6158.68,0.0733787,6400.13,-4.39581,22.6772,30.9493,29.2309,-0.0238563,0.966278
20150622_M09_paired_02.wav,10,m,6175.37,6253.74,0.0783673,6929.73,-5.29712,25.9923,16.6558,29.1094,-0.0296875,1.43915
20150622_M09_paired_02.wav,11,n,6275.99,6394.04,0.11805,6066.75,-4.74832,30.3654,28.8049,37.3393,-0.0326526,1.42216
20150622_M09_paired_02.wav,12,p,6403.72,6468.19,0.0644671,6419.71,-4.20745,25.3154,29.5377,35.1639,-0.0349512,1.27033
20150622_M09_paired_02.wav,13,p,6481.11,6543.11,0.0619955,5689.91,-3.21918,24.0614,38.2769,41.8436,-0.0311419,0.851959
20150622_M09_paired_02.wav,14,p,6570.27,6644.22,0.0739456,6102.05,-4.61097,24.8009,28.4199,31.1958,-0.0500216,0.770791
20150622_M09_paired_02.wav,15,p,6661.5,6727.85,0.0663492,5486.68,-3.16952,21.2257,40.9112,35.7107,-0.0195075,0.808096
20150622_M09_paired_02.wav,16,p,6760.23,6826.6,0.0663719,5271.7,-3.69175,24.4577,39.0149,35.5793,-0.0340751,1.18943
20150622_M09_paired_02.wav,17,q,6851.11,7021.77,0.170658,6360.98,-5.7658,27.7234,11.2392,11.7348,-0.0164445,0.562003
20150622_M09_paired_02.wav,18,i,7051.61,7080.07,0.028458,2841.35,-3.76415,11.2771,43.7377,36.7328,-0.0450872,0.184152
20150622_M09_paired_02.wav,19,D,7259.68,7975.32,0.715643,2403.22,-3.74229,7.37904,38.8696,7.72428,0.00311758,0.435874
20150622_M09_paired_02.wav,20,h,8010.61,8068.34,0.0577324,6296.97,-4.45112,21.6587,32.8554,38.792,-0.0539784,0.85048
20150622_M09_paired_02.wav,21,m,8161.81,8245.12,0.0833107,6662.67,-5.2472,22.0948,20.0689,25.8739,-0.035928,1.28887
20150622_M09_paired_02.wav,22,m,8270.77,8345.8,0.075034,6793.55,-5.54359,27.6678,14.5269,26.1451,-0.0136713,1.19985
20150622_M09_paired_02.wav,23,m,8377.69,8460.16,0.0824717,6812.6,-5.36333,27.9802,15.2823,22.0067,-0.0269979,1.37146
20150622_M09_paired_02.wav,24,m,8484.63,8567.51,0.0828798,6849.3,-5.35571,28.067,17.5425,24.6977,-0.0344248,1.38728
0,0,Start,0,1000000,0,0,0,0,0,0,0,0
20150622_M09_paired_02.wav,25,m,8594.42,8676.26,0.0818367,6870.49,-5.4744,27.8124,13.8942,22.2383,-0.0226513,1.03412
20150622_M09_paired_02.wav,26,m,8703.31,8782.31,0.0790023,6855.13,-5.66452,30.802,13.6587,24.1029,-0.0323226,1.25036
20150622_M09_paired_02.wav,27,m,8813.04,8894.04,0.0809977,6857.85,-5.50493,27.3763,14.6831,21.8623,-0.0349092,1.10311
20150622_M09_paired_02.wav,28,m,8923.74,9008.8,0.0850567,6882.46,-5.49911,25.4156,13.479,22.3519,-0.033078,1.03803
20150622_M09_paired_02.wav,29,i,9033.65,9063.11,0.0294558,2807.5,-3.63172,10.1148,44.6214,37.6657,-0.0360739,0.292677
20150622_M09_paired_02.wav,30,i,17934.0,17964.8,0.0307483,2542.91,-3.34733,10.6818,37.8633,42.1184,-0.0227507,0.203908
20150622_M09_paired_02.wav,31,a,18071.2,18294.1,0.222948,3084.67,-3.20368,17.8285,40.595,40.4469,-0.00317274,0.107564
20150622_M09_paired_02.wav,32,b,18376.8,18445.4,0.0686848,2732.39,-4.04242,10.8307,41.2761,10.4926,-0.00747052,0.292491
20150622_M09_paired_02.wav,33,c,18464.1,18515.2,0.0510884,4489.01,-2.62305,22.6415,46.272,39.4579,-0.0466457,0.124916
20150622_M09_paired_02.wav,34,d,18568.9,18700.7,0.131769,4334.24,-5.31668,30.4005,23.7773,13.9197,-0.00880414,0.574841
20150622_M09_paired_02.wav,35,e,18718.0,18828.6,0.110612,6149.98,-4.33721,22.589,29.9076,40.4235,-0.0369022,1.27404
20150622_M09_paired_02.wav,36,f,18855.9,18926.0,0.0700227,2744.31,-5.05438,20.4246,24.5404,21.7152,-0.0151438,0.639268
20150622_M09_paired_02.wav,37,g,18986.4,19771.7,0.785307,3290.84,-4.83498,20.4124,27.3442,15.9487,0.00206484,0.963436
20150622_M09_paired_02.wav,38,h,19811.1,19887.7,0.0765986,6280.57,-4.26429,24.6677,32.4665,37.1594,-0.0212423,0.468822
20150622_M09_paired_02.wav,39,m,19902.6,19979.0,0.0764626,6870.06,-5.55744,25.843,16.2619,27.5762,-0.0136057,0.955061
20150622_M09_paired_02.wav,40,n,20009.8,20123.6,0.113764,6027.75,-4.65995,27.5473,28.0938,35.103,-0.0175834,1.14901
20150622_M09_paired_02.wav,41,h,20133.2,20199.9,0.066712,6050.85,-3.80692,21.8591,38.4906,42.5304,-0.0174612,1.17936
20150622_M09_paired_02.wav,42,h,20216.3,20279.9,0.0635601,5392.28,-3.12257,23.6735,35.8362,44.1559,-0.01203,1.24375
0,0,Start,0,1000000,0,0,0,0,0,0,0,0
20150622_M09_paired_02.wav,43,h,20308.1,20381.7,0.0735828,6095.51,-4.65141,26.3937,28.3274,28.6492,-0.0259271,0.586699
20150622_M09_paired_02.wav,44,h,20395.4,20457.0,0.0616327,5351.14,-3.27649,23.1925,40.5894,33.7869,-0.020195,0.985692
0,0,Start,0,1000000,0,0,0,0,0,0,0,0
20150622_M09_paired_02.wav,45,h,20492.1,20558.2,0.0660998,5295.74,-3.69997,24.2003,33.9473,27.3939,-0.0164789,1.38398
20150622_M09_paired_02.wav,46,h,20595.4,20659.0,0.0636281,5347.9,-3.31589,20.553,44.973,40.2898,-0.0120665,0.746206
20150622_M09_paired_02.wav,47,q,20696.0,20883.4,0.187392,6311.4,-5.75879,29.7486,11.0632,10.181,-0.00750841,0.50788
20150622_M09_paired_02.wav,48,i,20913.5,20943.0,0.0295238,2884.88,-3.3687,10.478,51.4472,41.4501,-0.0372,0.289692
20150622_M09_paired_02.wav,49,q,23675.1,23949.6,0.274467,6552.93,-5.51729,39.4497,18.4821,8.85688,-0.00349788,0.377086
0,0,Start,0,1000000,0,0,0,0,0,0,0,0
0,0,Start,0,1000000,0,0,0,0,0,0,0,0
0,0,Start,0,1000000,0,0,0,0,0,0,0,0
0,0,Start,0,1000000,0,0,0,0,0,0,0,0
0,0,Start,0,1000000,0,0,0,0,0,0,0,0
0,0,Start,0,1000000,0,0,0,0,0,0,0,0
20150622_M09_paired_02.wav,50,q,24007.8,24283.6,0.275805,6543.82,-4.76047,30.6358,29.2157,19.7976,-0.0034235,0.449
20150622_M09_paired_02.wav,51,q,24343.9,24606.7,0.262789,6184.44,-5.44205,31.5781,15.5274,12.6725,-0.00390485,0.628304
20150622_M09_paired_02.wav,52,q,27976.9,28231.7,0.254785,6409.37,-5.63722,42.0896,14.8996,10.0907,-0.000636695,0.433385
20150622_M09_paired_02.wav,53,q,28277.6,28516.2,0.238662,6266.33,-5.44383,37.3119,18.5668,9.69875,-0.00247747,0.334574
20150622_M09_paired_02.wav,54,q,28563.9,28833.4,0.269478,6168.92,-5.61888,38.7715,12.4127,10.0494,-0.00188089,0.556397
20150622_M09_paired_02.wav,55,q,28884.9,29175.8,0.290839,6063.15,-5.49355,36.1206,16.4222,9.55429,0.000597796,0.669263
20150622_M09_paired_02.wav,56,q,29284.6,29562.3,0.27771,5922.26,-5.56325,31.9032,13.6859,11.6301,0.000634925,0.579729
20150622_M09_paired_02.wav,57,l,31434.7,31501.3,0.0665306,5882.71,-2.33652,22.5046,47.425,49.2388,-0.00218401,0.201453
20150622_M09_paired_02.wav,58,l,33624.2,33688.8,0.0645125,5872.86,-2.43972,23.0546,43.0012,50.5346,0.00813228,0.225682
20150622_M09_paired_02.wav,59,l,36873.1,36935.4,0.0622449,5845.31,-2.30157,22.3469,48.5875,52.739,-0.00203867,0.227832
20150622_M09_paired_02.wav,60,l,39828.8,39891.2,0.0624263,5644.41,-2.17552,19.5525,53.1346,48.3922,0.0148443,0.225236
20150622_M09_paired_02.wav,61,l,42107.7,42166.8,0.0591383,5561.85,-1.90633,18.6534,51.7886,45.46,0.01369,0.173939
20150622_M09_paired_02.wav,62,l,48478.7,48535.5,0.0568481,4833.44,-2.23567,18.7973,44.3742,46.947,0.0330581,0.188671
20150622_M09_paired_02.wav,63,k,57706.1,57730.3,0.0242177,4930.85,-1.95379,11.2922,45.4582,45.0806,0.0202905,0.216845
20150622_M09_paired_03.wav,1,i,7294.51,7326.18,0.0316656,2429.6,-3.36223,8.3393,58.1166,33.9927,0.0112006,0.566272
20150622_M09_paired_03.wav,2,a,7469.02,7705.8,0.23678,3128.61,-2.98875,15.6202,46.1326,48.4329,-0.00532557,0.0673575
20150622_M09_paired_03.wav,3,b,7785.33,7858.16,0.0728309,2835.08,-3.8685,8.69606,40.5513,11.442,-0.00402862,0.245369
20150622_M09_paired_03.wav,4,c,7877.53,7928.89,0.0513605,4752.21,-2.90656,22.9669,42.7914,42.5173,-0.070668,0.148517
0,0,Start,0,1000000,0,0,0,0,0,0,0,0
20150622_M09_paired_03.wav,5,d,7983.31,8115.19,0.131882,4426.84,-5.16376,26.889,32.3248,13.7637,-0.00567331,0.504525
20150622_M09_paired_03.wav,6,e,8139.98,8247.65,0.107663,6155.55,-4.30361,20.0715,31.5329,42.2462,-0.0319639,1.67951
20150622_M09_paired_03.wav,7,b,8279.34,8348.59,0.0692517,2806.45,-5.12969,18.3228,26.3904,26.4347,-0.0155072,0.73916
20150622_M09_paired_03.wav,8,g,8405.98,9112.12,0.706143,3215.52,-4.80793,17.8571,27.6391,17.536,0.00360841,0.911387
20150622_M09_paired_03.wav,9,h,9157.41,9228.41,0.0709977,6201.25,-4.52888,23.4514,32.7986,26.6865,-0.0349384,0.592952
20150622_M09_paired_03.wav,10,m,9249.98,9327.87,0.0778912,6960.9,-5.46466,25.4427,15.7291,25.1187,-0.0330336,1.28365
20150622_M09_paired_03.wav,11,m,9347.66,9426.69,0.0790249,6972.18,-5.3693,25.2621,15.7258,22.4564,-0.0419538,1.69495
20150622_M09_paired_03.wav,12,m,9462.38,9549.16,0.08678,6937.37,-5.46082,24.7699,17.7134,26.5073,-0.0392994,1.21521
20150622_M09_paired_03.wav,13,m,9572.79,9657.41,0.0846259,6922.66,-5.41501,24.9704,18.1012,28.7295,-0.0268464,1.25494
20150622_M09_paired_03.wav,14,m,9678.89,9762.93,0.0840363,6893.3,-5.5095,25.416,17.9274,25.5049,-0.029474,1.00885
20150622_M09_paired_03.wav,15,m,9785.6,9869.27,0.0836735,6853.59,-5.43701,24.505,19.089,25.7494,-0.0376682,1.05291
20150622_M09_paired_03.wav,16,m,9897.17,9972.02,0.0748526,6898.87,-5.5994,28.7221,12.7413,23.9212,-0.027006,1.09747
20150622_M09_paired_03.wav,17,m,10004.5,10074.7,0.0701814,6864.05,-5.73231,32.0432,11.4286,22.1989,-0.0198805,0.961444
20150622_M09_paired_03.wav,18,i,10110.8,10148.4,0.0375964,3073.07,-3.55439,14.5476,40.5031,42.7401,-0.0245256,0.414264
20150622_M09_paired_03.wav,19,i,40849.8,40876.8,0.0269615,2476.87,-3.77289,12.3788,53.1936,33.781,0.0295809,0.396279
20150622_M09_paired_03.wav,20,a,41031.8,41242.3,0.210476,3237.39,-2.93554,17.2766,43.092,42.5979,0.00221431,0.0795387
20150622_M09_paired_03.wav,21,b,41334.8,41407.1,0.0722902,3089.37,-3.87855,10.7391,44.1085,14.8752,0.0139325,0.186531
0,0,Start,0,1000000,0,0,0,0,0,0,0,0
20150622_M09_paired_03.wav,22,c,41418.0,41475.1,0.0570975,4630.46,-2.51096,23.3326,46.1854,51.7241,-0.00887549,0.101103
20150622_M09_paired_03.wav,23,d,41521.8,41664.8,0.143039,4177.39,-5.10882,28.7262,26.9847,17.8057,0.0113085,0.550088
20150622_M09_paired_03.wav,24,e,41685.9,41787.2,0.10133,6156.99,-4.30149,20.1063,30.9479,43.7276,-0.0503056,1.86606
20150622_M09_paired_03.wav,25,f,41819.8,41870.7,0.0509524,2765.03,-5.02429,20.1909,26.2761,30.9121,0.0307721,0.749871
20150622_M09_paired_03.wav,26,g,41951.9,42708.7,0.756808,3243.95,-4.98549,20.9374,26.6625,18.8851,0.00141608,0.755611
20150622_M09_paired_03.wav,27,h,42729.2,42792.3,0.0630385,6099.03,-4.49837,26.31,30.6989,39.2142,0.00150788,1.4819
20150622_M09_paired_03.wav,28,m,42821.7,42894.7,0.0730385,7039.8,-5.40152,23.0614,19.0289,28.4962,0.00229437,1.3174
20150622_M09_paired_03.wav,29,n,42917.6,43029.2,0.11161,6065.2,-4.58364,30.1605,33.5776,44.4907,0.00274879,1.14796
20150622_M09_paired_03.wav,30,p,43041.2,43112.7,0.0714286,6339.02,-3.75173,23.8437,39.2096,38.3554,0.000370168,1.46605
20150622_M09_paired_03.wav,31,p,43120.2,43187.4,0.0671429,5691.84,-2.98264,25.2619,36.6646,43.9138,-0.00526254,0.848602
20150622_M09_paired_03.wav,32,p,43212.3,43278.3,0.0660091,6125.36,-4.3517,26.3533,30.2947,38.9637,-0.00869644,0.909255
20150622_M09_paired_03.wav,33,p,43301.6,43364.2,0.0626531,5295.52,-3.15963,22.2938,42.3548,41.6309,0.0100897,1.31917
20150622_M09_paired_03.wav,34,p,43395.6,43454.4,0.0587755,5096.9,-3.47311,26.374,45.1519,41.3731,0.00649519,1.66144
20150622_M09_paired_03.wav,35,q,43493.3,43685.4,0.192132,6344.39,-5.61189,27.8869,14.3648,12.4705,0.00421039,0.676383
20150622_M09_paired_03.wav,36,i,43712.5,43750.5,0.0379987,2795.78,-2.84713,4.95288,53.6456,45.4378,-0.0135211,0.465507
20150622_M09_paired_03.wav,37,i,50545.7,50569.8,0.024059,2495.49,-3.38675,11.6125,66.0968,49.6973,0.0914277,0.873671
20150622_M09_paired_03.wav,38,i,50739.7,50774.6,0.0348322,2689.95,-2.59784,2.65686,47.7142,39.3568,-0.101711,0.954182
20150622_M09_paired_03.wav,39,a,50876.7,51122.8,0.2461,3074.84,-3.0209,17.6866,41.2552,38.812,0.00257923,0.0627502
20150622_M09_paired_03.wav,40,b,51210.0,51280.0,0.0699546,2873.98,-4.30807,12.9731,38.6461,12.5796,0.0211824,0.241202
0,0,Start,0,1000000,0,0,0,0,0,0,0,0
20150622_M09_paired_03.wav,41,c,51302.4,51355.6,0.0531746,4644.91,-2.64216,22.605,43.5533,41.9688,-0.0182958,0.27478
20150622_M09_paired_03.wav,42,d,51404.6,51553.8,0.149229,4215.68,-5.06545,27.2374,39.1284,17.0983,0.0128843,0.622729
20150622_M09_paired_03.wav,43,e,51578.9,51683.4,0.104497,6236.96,-4.34546,20.3108,32.1222,41.795,-0.0311423,1.35593
20150622_M09_paired_03.wav,44,f,51709.6,51779.4,0.0697732,2788.44,-4.9511,18.1424,25.997,23.7106,0.0317365,0.985062
20150622_M09_paired_03.wav,45,g,51846.5,52590.7,0.744286,3170.38,-5.0282,20.7846,26.4752,19.5365,0.000667309,0.800104
20150622_M09_paired_03.wav,46,h,52610.3,52684.5,0.0742177,6245.75,-4.54984,26.8258,29.517,34.1673,-0.00313145,1.45199
20150622_M09_paired_03.wav,47,m,52701.0,52773.9,0.0728798,6904.98,-5.33341,25.1911,17.5695,27.7133,-0.00115862,1.39313
20150622_M09_paired_03.wav,48,n,52800.6,52894.3,0.0937642,6715.28,-5.09819,26.7503,21.1874,36.9288,0.0033574,1.61683
20150622_M09_paired_03.wav,49,p,52917.1,52988.8,0.0717687,6529.17,-4.25941,23.7309,28.5698,35.0922,-0.0136673,1.00771
20150622_M09_paired_03.wav,50,p,53002.6,53061.7,0.059161,5387.31,-3.09808,24.7216,39.2791,45.4804,0.00635465,1.18053
20150622_M09_paired_03.wav,51,p,53091.9,53165.1,0.0731293,6130.53,-4.36259,24.069,34.5889,36.9737,0.0084745,1.03578
20150622_M09_paired_03.wav,52,p,53182.1,53247.4,0.0652834,5348.78,-3.45427,23.5991,39.9678,37.0194,0.015007,1.57755
20150622_M09_paired_03.wav,53,p,53278.2,53336.2,0.0579592,5151.41,-3.38635,24.9143,45.492,37.6795,0.0284252,1.84599
20150622_M09_paired_03.wav,54,q,53375.4,53569.0,0.193605,6382.58,-5.72102,26.6932,12.3067,11.503,0.00085907,0.657902
20150622_M09_paired_03.wav,55,i,53608.6,53649.8,0.0411653,2863.57,-2.81274,5.4808,47.0706,40.4006,-0.070268,0.485776
20150622_M09_paired_04.wav,1,k,16938.6,16959.4,0.0207483,5170.63,-1.70782,11.2343,50.2127,51.0647,-0.0124092,0.193237
0,0,Start,0,1000000,0,0,0,0,0,0,0,0
20150622_M09_paired_04.wav,2,i,20346.2,20373.9,0.0276417,2552.98,-3.93366,11.739,36.8889,23.5726,-0.0266651,0.29124
20150622_M09_paired_04.wav,3,a,20508.0,20744.4,0.236372,3258.17,-2.97206,17.319,44.1164,42.4638,-0.000671775,0.0530142
20150622_M09_paired_04.wav,4,b,20847.6,20904.9,0.0573243,2779.64,-4.05146,13.3778,40.4884,9.03198,-0.00947749,0.330088
20150622_M09_paired_04.wav,5,c,20924.2,20977.2,0.0529252,4460.27,-2.38007,22.4011,41.7687,42.8065,-0.0468735,0.311487
20150622_M09_paired_04.wav,6,d,21027.8,21155.5,0.127664,4056.35,-5.27141,30.7578,23.8433,15.4914,-0.00398054,0.634594
20150622_M09_paired_04.wav,7,e,21177.7,21269.5,0.0918303,6180.06,-4.5831,24.3274,25.5666,35.6858,-0.016012,1.66846
20150622_M09_paired_04.wav,8,f,21307.7,21377.6,0.069932,2823.44,-5.25505,21.9341,21.1707,32.0193,0.000821477,0.616139
20150622_M09_paired_04.wav,9,g,21452.7,22175.7,0.723039,3226.2,-5.07359,21.49,26.4513,20.4534,-0.00103902,0.633502
20150622_M09_paired_04.wav,10,h,22199.1,22266.9,0.0678685,6143.04,-4.80701,27.1911,23.5036,27.8699,-0.0279943,0.762906
20150622_M09_paired_04.wav,11,m,22286.9,22363.3,0.0764172,6986.82,-5.16606,24.2666,19.7895,30.4006,-0.00869441,1.05941
20150622_M09_paired_04.wav,12,n,22384.1,22497.2,0.113061,6169.89,-4.60544,28.6057,24.5194,32.4428,-0.0172873,1.19832
20150622_M09_paired_04.wav,13,p,22511.7,22572.4,0.0607029,6766.55,-3.91611,23.6822,36.1725,38.5081,-0.0221017,1.28878
20150622_M09_paired_04.wav,14,p,22587.7,22652.5,0.0648299,5484.81,-3.16322,26.1036,41.8222,40.2968,-0.0165537,1.17274
20150622_M09_paired_04.wav,15,p,22679.9,22748.5,0.0685941,6207.57,-4.55527,25.2841,30.3705,33.2458,-0.0224861,0.486854
20150622_M09_paired_04.wav,16,p,22768.1,22835.2,0.0671429,5555.77,-3.28223,24.2231,43.5831,41.2773,-0.0176405,0.65869
20150622_M09_paired_04.wav,17,p,22862.2,22932.7,0.0704308,5410.65,-3.46286,22.8775,35.6263,33.7562,-0.0152485,0.85739
20150622_M09_paired_04.wav,18,q,22962.4,23133.6,0.171156,6502.07,-5.33594,27.3375,16.8586,15.6392,-0.0117865,1.40322
20150622_M09_paired_04.wav,19,i,28797.0,28841.4,0.0443319,2504.39,-2.59096,4.5139,57.6946,42.9496,0.0221294,1.1545
0,0,Start,0,1000000,0,0,0,0,0,0,0,0
20150622_M09_paired_04.wav,20,a,28996.9,29237.1,0.240227,3251.25,-3.06322,19.6755,41.0342,35.7233,-3.68116e-05,0.0600842
20150622_M09_paired_04.wav,21,b,29332.8,29401.4,0.0686168,2849.7,-4.08035,10.908,40.2442,10.9843,0.00432761,0.186164
20150622_M09_paired_04.wav,22,c,29419.0,29471.7,0.0527211,4448.53,-2.7198,23.5523,38.5158,38.7553,-0.0408107,0.0881177
20150622_M09_paired_04.wav,23,d,29515.4,29646.5,0.13102,4066.41,-5.29985,32.6162,24.669,17.1519,0.00388754,0.551876
0,0,Start,0,1000000,0,0,0,0,0,0,0,0
20150622_M09_paired_04.wav,24,e,29659.2,29775.9,0.116757,6204.7,-4.77228,24.4035,26.5426,37.2367,-0.0247229,1.21798
20150622_M09_paired_04.wav,25,f,29794.6,29869.5,0.0748526,2801.72,-5.08001,20.6521,20.8804,19.5545,-0.000314375,0.592274
20150622_M09_paired_04.wav,26,h,30650.0,30724.4,0.0743764,6395.08,-4.71489,26.6898,29.3486,30.267,-0.0240167,0.926614
20150622_M09_paired_04.wav,27,m,30737.4,30808.1,0.0706803,6884.42,-5.41299,24.7711,18.5572,25.9381,-0.00558965,1.17374
20150622_M09_paired_04.wav,28,m,30843.5,30930.9,0.0873923,7079.96,-5.67899,28.9949,14.4852,26.0845,-0.0168139,0.965079
20150622_M09_paired_04.wav,29,m,30948.5,31027.6,0.0791837,7040.99,-5.81617,31.7496,13.1193,27.9862,-0.00423611,0.814975
0,0,Start,0,1000000,0,0,0,0,0,0,0,0
20150622_M09_paired_04.wav,30,m,31053.7,31134.0,0.0803855,7066.69,-5.94178,30.8733,12.7283,20.9125,-0.0245202,0.971291
20150622_M09_paired_04.wav,31,m,31163.4,31252.0,0.0885261,6964.72,-5.67408,29.0899,15.5833,17.9767,-0.0176762,0.611252
20150622_M09_paired_04.wav,32,m,31273.2,31364.3,0.0911111,6955.86,-5.49309,27.435,15.2617,18.8547,-0.0113965,0.852562
20150622_M09_paired_04.wav,33,m,31379.7,31457.4,0.0777098,6932.03,-5.59304,28.5206,14.0078,23.7215,0.00353023,0.917268
20150622_M09_paired_04.wav,34,m,31487.8,31561.7,0.0739229,6927.36,-5.52947,28.3642,15.2885,28.6366,-0.00647891,1.09588
20150622_M09_paired_04.wav,35,m,31595.7,31685.3,0.0895918,6939.9,-5.30361,27.4924,16.2337,25.0355,-0.0144915,1.22718
20150622_M09_paired_04.wav,36,m,31705.6,31793.8,0.0882086,6974.13,-5.41571,28.1509,20.1194,23.5139,-0.00551116,1.16199
20150622_M09_paired_04.wav,37,i,31817.9,31849.6,0.0316656,3088.24,-3.53039,8.88628,41.164,39.5174,-0.0726725,0.774725
20150622_M09_paired_04.wav,38,q,37506.7,37762.5,0.25585,6599.1,-5.09575,30.0632,17.8411,19.9415,-0.0029956,3.21823
0,0,Start,0,1000000,0,0,0,0,0,0,0,0
20150622_M09_paired_04.wav,39,s,37768.8,38005.2,0.236463,6633.07,-5.33734,36.694,27.1879,13.2411,-0.00593883,0.74139
20150622_M09_paired_04.wav,40,s,38031.1,38275.6,0.244535,6601.25,-5.28943,39.3242,20.1267,8.92273,-0.00440898,0.397652
0,0,Start,0,1000000,0,0,0,0,0,0,0,0
20150622_M09_paired_04.wav,41,s,38313.8,38552.7,0.238912,6770.18,-5.20057,36.08,27.5833,11.9239,-0.00747491,1.49932
20150622_M09_paired_04.wav,42,s,38568.9,38812.0,0.243175,6800.09,-5.04904,34.5292,28.4062,13.7514,-0.000731249,1.81737
20150622_M09_paired_04.wav,43,q,42546.9,42766.1,0.219138,6822.22,-5.88537,33.0107,11.8852,17.3301,0.00224591,0.82462
20150622_M09_paired_04.wav,44,r,42796.2,43019.0,0.222766,5889.93,-5.53627,36.2819,13.2593,11.3484,0.0060176,1.16518
20150622_M09_paired_04.wav,45,q,43050.6,43240.9,0.190272,7070.92,-5.93329,36.1215,10.6347,14.0918,-0.00835008,0.864943
20150622_M09_paired_04.wav,46,r,43262.5,43501.8,0.239274,5880.73,-5.38394,34.9712,17.3502,17.9511,0.00642699,1.39516
20150622_M09_paired_04.wav,47,q,43519.5,43696.7,0.177211,7035.46,-5.89492,36.1537,11.2028,17.0194,-0.00726063,0.707665
20150622_M09_paired_04.wav,48,r,43737.8,43981.7,0.243825,5891.79,-5.72352,36.7207,8.4481,7.84741,-0.002103,0.82475
20150622_M09_paired_04.wav,49,q,43997.5,44140.0,0.142495,6906.1,-5.94232,34.1536,9.20809,9.99379,-0.0320365,0.830591
20150622_M09_paired_04.wav,50,x,46147.3,46198.0,0.0507029,7343.49,-4.37736,22.3218,36.6635,45.6089,0.0178241,0.845446
20150622_M09_paired_04.wav,51,q,47779.8,48005.0,0.225193,6979.08,-5.80038,29.9254,13.5332,19.5821,0.000524544,0.866309
20150622_M09_paired_04.wav,52,r,48040.2,48248.3,0.208141,5961.94,-5.37961,35.6651,19.5639,17.8333,0.00852525,1.451
20150622_M09_paired_04.wav,53,q,48284.0,48473.0,0.189002,7066.39,-5.95955,36.7089,11.8919,15.2262,-0.0042743,0.861373
20150622_M09_paired_04.wav,54,r,48501.5,48749.2,0.24771,5948.84,-5.4394,36.8928,14.6462,16.4513,0.00414381,1.28809
20150622_M09_paired_04.wav,55,q,48771.2,48981.7,0.210454,7015.14,-5.88884,36.6273,10.315,11.4751,-0.00582698,0.799471
20150622_M09_paired_04.wav,56,r,49005.3,49260.0,0.254739,5923.07,-5.56515,37.7396,12.6748,16.6988,0.00825904,1.28154
20150622_M09_paired_04.wav,57,q,49297.2,49477.1,0.179887,6946.79,-5.88617,36.9733,9.73368,11.5452,0.00148757,0.729598
20150622_M09_paired_04.wav,58,r,49515.4,49743.7,0.228209,5806.94,-5.47063,32.2125,12.8582,16.153,0.00163089,1.50597
20150622_M09_paired_04.wav,59,q,49779.8,49958.6,0.178866,6908.31,-5.75944,32.1514,10.9646,15.5218,-0.000400836,0.875717
20150622_M09_paired_04.wav,60,q,52843.4,53094.9,0.251497,6561.35,-5.62554,37.9295,16.909,9.63772,0.00483467,0.594954
20150622_M09_paired_04.wav,61,q,53152.8,53419.1,0.266349,6278.8,-5.17933,30.969,23.6817,11.4619,0.000697663,0.604897
20150622_M09_paired_04.wav,62,q,53486.5,53754.9,0.268367,6163.89,-5.75742,38.1131,10.9283,8.04503,0.0023939,0.710603
0,0,Start,0,1000000,0,0,0,0,0,0,0,0
20150622_M09_paired_04.wav,63,q,58558.9,58782.0,0.223107,6788.1,-5.43876,24.9184,16.3705,27.1095,0.00741227,1.17329
20150622_M09_paired_04.wav,64,s,58814.9,59036.8,0.221973,6463.17,-5.32303,38.7142,20.3738,11.3282,-0.00731669,0.92117
20150622_M09_paired_04.wav,65,s,59066.8,59315.9,0.249116,6294.54,-5.12098,38.2349,26.7071,7.89247,-0.00744821,0.552976
20150622_M09_paired_04.wav,66,s,59357.6,59588.3,0.230703,6272.75,-4.99026,35.2256,33.3263,12.9109,-0.00204617,0.715253
20150622_M09_paired_04.wav,67,s,59629.6,59857.9,0.228345,6068.58,-4.87685,39.5259,24.4872,10.6386,-0.00585317,2.26783
20150622_M09_paired_05.wav,1,i,10746.5,10774.8,0.0282766,2275.87,-3.53963,11.0539,40.5064,22.3971,-0.0559424,0.180327
20150622_M09_paired_05.wav,2,r,10923.9,11137.2,0.213333,3363.07,-3.28396,18.3916,40.3524,26.1302,-0.00212545,0.110018
20150622_M09_paired_05.wav,3,b,11237.4,11304.9,0.067551,3238.87,-4.06335,12.2119,41.1623,15.9605,-0.0187662,0.544408
20150622_M09_paired_05.wav,4,c,11324.6,11377.1,0.0524263,4515.97,-2.53766,23.6609,42.1352,44.963,-0.0718963,0.194597
20150622_M09_paired_05.wav,5,d,11429.5,11566.7,0.137234,4195.87,-5.03374,27.8828,36.0866,17.0854,-0.00692414,0.376115
20150622_M09_paired_05.wav,6,e,11592.0,11697.6,0.105646,6013.9,-4.46751,23.6809,27.1105,42.8057,-0.0319831,2.0484
20150622_M09_paired_05.wav,7,f,11725.1,11789.5,0.0643537,2798.52,-5.20239,21.3269,18.0912,17.3769,-0.0281229,0.909976
20150622_M09_paired_05.wav,8,g,11853.3,12632.1,0.778753,3360.07,-4.93496,20.8667,26.0122,17.406,-0.000274201,0.841873
20150622_M09_paired_05.wav,9,h,12646.1,12726.9,0.080839,6378.04,-4.54971,26.0576,29.4569,29.7783,-0.0307975,0.963326
20150622_M09_paired_05.wav,10,m,12734.3,12818.1,0.0838776,6914,-5.42614,27.3763,16.5106,28.571,-0.0389342,1.06942
20150622_M09_paired_05.wav,11,n,12829.3,12947.7,0.11839,6073.41,-4.56528,32.1136,27.9737,36.6032,-0.0297249,1.28444
20150622_M09_paired_05.wav,12,p,12959.8,13023.1,0.0633312,6678.69,-4.4205,29.1604,32.7191,31.8049,-0.00801646,1.15589
0,0,Start,0,1000000,0,0,0,0,0,0,0,0
20150622_M09_paired_05.wav,13,p,13039.0,13102.3,0.0633312,5836.03,-3.10389,26.1517,38.9496,38.8237,-0.0265878,0.782809
0,0,Start,0,1000000,0,0,0,0,0,0,0,0
0,0,Start,0,1000000,0,0,0,0,0,0,0,0
0,0,Start,0,1000000,0,0,0,0,0,0,0,0
20150622_M09_paired_05.wav,14,p,13121.3,13191.0,0.0696643,6185.55,-4.14488,27.7975,34.4679,41.876,-0.0168228,2.47229
20150622_M09_paired_05.wav,15,p,13225.6,13291.3,0.0656236,5382.42,-3.39769,25.4584,35.2659,34.0049,-0.0251993,1.07939
20150622_M09_paired_05.wav,16,p,13324.1,13390.3,0.0662132,5313.26,-3.60985,25.7302,36.351,41.2359,-0.0238987,0.759249
0,0,Start,0,1000000,0,0,0,0,0,0,0,0
20150622_M09_paired_05.wav,17,q,13425.0,13616.5,0.191474,6363.5,-5.43553,30.7591,15.2666,8.93489,-0.0141438,0.777729
20150622_M09_paired_05.wav,18,i,13642.7,13669.5,0.0268481,2765.68,-3.403,10.3477,40.111,40.4106,-0.0378092,0.321697
20150622_M09_paired_05.wav,19,i,23913.4,23937.6,0.0241497,2548.98,-3.73528,12.9306,46.0944,35.4757,-0.0201456,0.596767
20150622_M09_paired_05.wav,20,r,24152.5,24386.6,0.234082,3098.34,-2.68094,16.3217,41.1491,38.3567,-0.00197267,0.455429
20150622_M09_paired_05.wav,21,b,24464.9,24534.5,0.0696643,2741.9,-3.75568,9.37076,48.501,16.8486,0.0174723,0.395796
20150622_M09_paired_05.wav,22,c,24558.0,24610.0,0.0519955,4389.18,-2.77286,24.3158,41.1001,39.614,-0.0434372,0.0861048
20150622_M09_paired_05.wav,23,d,24662.1,24801.6,0.139546,4200.17,-5.04227,27.5814,32.794,23.2782,-0.00283239,0.610905
0,0,Start,0,1000000,0,0,0,0,0,0,0,0
20150622_M09_paired_05.wav,24,e,24816.3,24926.3,0.109977,6087.62,-4.4759,25.376,28.061,40.0505,-0.028266,1.66333
20150622_M09_paired_05.wav,25,f,24954.8,25028.9,0.0740816,2769.96,-4.71625,16.3153,27.8963,19.2508,-0.00171242,0.593369
20150622_M09_paired_05.wav,26,g,25072.9,25782.2,0.70931,3215.51,-5.04527,22.692,23.6153,18.2272,0.00318418,0.82968
20150622_M09_paired_05.wav,27,h,25813.9,25890.0,0.0760771,6307.46,-4.69678,29.2088,26.0293,35.9663,-0.0263047,1.06085
20150622_M09_paired_05.wav,28,m,25907.8,25986.9,0.0790476,7004.73,-5.44393,23.0677,17.4499,18.989,-0.0186435,0.579478
20150622_M09_paired_05.wav,29,n,26003.8,26111.5,0.107663,6048.25,-4.82231,31.7383,26.0823,33.82,-0.0114946,0.588921
20150622_M09_paired_05.wav,30,p,26124.2,26178.0,0.0538315,6172.21,-3.93201,28.1446,30.3629,35.6836,-0.00429268,1.02698
20150622_M09_paired_05.wav,31,p,26202.6,26268.8,0.0662132,5551.47,-2.83457,24.6598,43.9887,48.2809,-0.0248808,0.649519
20150622_M09_paired_05.wav,32,p,26295.2,26362.7,0.0675283,6457.22,-4.60079,27.1642,32.9582,44.7327,-0.0249001,0.684514
20150622_M09_paired_05.wav,33,p,26381.2,26444.0,0.0628118,5393.85,-3.20095,24.9095,41.7151,45.0078,-0.00856229,1.19367
20150622_M09_paired_05.wav,34,p,26474.9,26535.1,0.0602494,5248.36,-3.46305,25.9866,44.1935,50.2167,-0.00547594,1.16479
20150622_M09_paired_05.wav,35,q,26577.4,26794.5,0.217098,6336.73,-5.99121,37.7282,6.53012,7.09659,-0.0103638,0.422017
20150622_M09_paired_05.wav,36,i,26822.9,26850.2,0.0272562,2816.65,-3.40102,11.3265,44.6313,46.1648,-0.00705682,0.285312
20150622_M09_paired_05.wav,37,l,42025.0,42088.0,0.0630159,5856.87,-2.28561,23.1835,48.7567,51.0492,0.00551237,0.222887
20150622_M09_paired_05.wav,38,l,43614.0,43679.7,0.0656916,5989.14,-2.3767,21.8901,46.431,51.1203,0.0106599,0.208566
20150622_M09_paired_05.wav,39,l,46778.0,46831.9,0.0538315,6390.74,-2.44537,21.2801,47.2571,45.3989,-0.0541758,0.231801
20150622_M09_paired_05.wav,40,l,48993.8,49058.2,0.0643537,5531.15,-2.23583,22.4472,46.5641,48.6211,0.0292362,0.428719
20150622_M09_paired_05.wav,41,l,51075.0,51142.9,0.0679138,5748.66,-2.48479,22.1124,47.4079,47.0403,0.0219835,0.458788
20150622_M09_paired_05.wav,42,l,52144.8,52204.3,0.0595238,5274.02,-1.89181,19.183,53.5417,49.1505,0.0234406,0.32477
20150622_M09_paired_05.wav,43,l,53568.6,53627.5,0.0589116,5724.97,-2.24523,21.3043,47.4481,53.5892,0.031462,0.468707
20150622_M09_paired_05.wav,44,l,54973.4,55030.7,0.0572789,5293.37,-2.23083,21.2759,48.9559,47.0758,0.0363959,0.236435
0,0,Start,0,1000000,0,0,0,0,0,0,0,0
20150622_M09_paired_05.wav,45,l,57214.6,57275.2,0.0606349,5666.27,-2.00397,20.3094,46.7748,53.7829,0.0319311,0.365731
20150622_M09_paired_05.wav,46,l,58421.0,58486.3,0.0653288,5683.42,-2.37817,21.2415,46.4309,52.8487,0.0343551,0.583638
20150622_M09_paired_06.wav,1,l,927.982,996.213,0.0682313,6438.42,-2.50611,23.1039,42.7722,40.5599,-0.0215693,0.425134
20150622_M09_paired_06.wav,2,l,2536.28,2596.05,0.0597732,5626.85,-2.20376,19.5269,48.731,49.4366,-0.030368,0.259127
20150622_M09_paired_06.wav,3,l,4111.93,4170.88,0.0589569,6203.34,-2.23985,20.5499,46.7992,39.3391,-0.040832,0.448279
20150622_M09_paired_06.wav,4,l,5993.15,6056.92,0.0637642,6192.74,-2.55822,21.1063,44.7102,51.1684,-0.0188383,0.343518
20150622_M09_paired_06.wav,5,l,7474.67,7537.87,0.0631973,5938.75,-2.46714,20.9386,44.9666,50.1059,-0.0178744,0.548485
20150622_M09_paired_06.wav,6,k,8225.51,8247.98,0.0224717,5217.78,-1.68468,11.3198,56.3443,54.4046,-0.051955,0.0449342
20150622_M09_paired_06.wav,7,i,10350.6,10401.2,0.050665,2507.02,-2.84259,3.39777,52.7422,35.0634,-0.0102237,1.54705
20150622_M09_paired_06.wav,8,a,10531.0,10766.8,0.235782,3327.55,-2.93894,17.8908,41.2399,36.708,-0.00576416,0.0978055
20150622_M09_paired_06.wav,9,b,10841.4,10914.2,0.0728309,3092.23,-3.50575,7.74426,43.4513,21.6347,0.0192134,0.704396
20150622_M09_paired_06.wav,10,c,10937.6,10988.8,0.0512698,4525.72,-2.38698,21.0806,43.44,31.784,-0.0647938,0.0315917
20150622_M09_paired_06.wav,11,d,11036.5,11160.5,0.123991,4032.79,-5.26094,32.2441,22.7744,15.4452,-0.0105769,0.559051
20150622_M09_paired_06.wav,12,e,11176.3,11286.6,0.110227,6396.08,-4.53389,21.433,28.8347,34.6251,-0.0377358,1.36555
20150622_M09_paired_06.wav,13,f,11308.6,11375.1,0.0664399,2850.98,-5.48161,24.3805,16.9811,20.3138,-0.0164,0.88451
20150622_M09_paired_06.wav,14,g,11438.6,12175.2,0.736644,3221.99,-5.0232,21.9084,25.8735,19.0966,-0.00227123,0.626948
20150622_M09_paired_06.wav,15,h,12190.8,12265.3,0.0744218,6402.39,-4.56634,27.0146,31.6701,38.2757,-0.0201961,0.92656
20150622_M09_paired_06.wav,16,m,12280.9,12354.2,0.073356,6860.54,-5.25917,21.8312,21.7532,28.6457,-0.0294363,1.48909
0,0,Start,0,1000000,0,0,0,0,0,0,0,0
20150622_M09_paired_06.wav,17,m,12378.8,12456.9,0.0781406,7180.88,-5.65379,26.8608,19.3218,32.8761,-0.027598,1.39581
20150622_M09_paired_06.wav,18,m,12482.4,12568.0,0.0856689,7063.14,-5.61968,27.9102,16.9984,26.6303,-0.0236932,1.16902
20150622_M09_paired_06.wav,19,m,12587.1,12672.7,0.0856689,6986.57,-5.44051,29.2626,16.8189,25.9878,-0.0358573,1.10687
0,0,Start,0,1000000,0,0,0,0,0,0,0,0
20150622_M09_paired_06.wav,20,m,12697.6,12780.0,0.082381,6986.15,-5.62753,30.5102,12.7454,23.5458,-0.02329,0.83904
0,0,Start,0,1000000,0,0,0,0,0,0,0,0
20150622_M09_paired_06.wav,21,m,12805.8,12891.5,0.085737,6967.74,-5.43442,27.9455,16.2688,26.1553,-0.0213005,1.20475
20150622_M09_paired_06.wav,22,m,12914.1,12999.1,0.0849887,6965.85,-5.43975,28.0412,18.3289,23.5888,-0.0144118,1.4439
20150622_M09_paired_06.wav,23,m,13022.2,13110.6,0.08839,6954.06,-5.1331,28.9774,18.423,20.7264,-0.0240881,0.831822
20150622_M09_paired_06.wav,24,m,13130.9,13219.3,0.08839,6949.77,-5.37206,31.2839,17.9382,18.3781,-0.0152592,1.65537
20150622_M09_paired_06.wav,25,m,13244.0,13332.9,0.0888435,6954.63,-5.31294,28.5479,15.4529,22.6438,-0.0167673,1.35478
20150622_M09_paired_06.wav,26,m,13354.4,13423.2,0.0688435,6928.77,-5.6549,31.7729,12.2161,24.5147,-0.0128656,1.27817
20150622_M09_paired_06.wav,27,m,13464.0,13546.9,0.0829025,6941.73,-5.30509,23.6229,21.2525,33.1379,-0.0158129,1.00628
20150622_M09_paired_06.wav,28,i,13567.5,13598.8,0.0312698,2850.26,-3.33615,12.3425,45.0867,42.9557,-0.030516,0.258794
20150622_M09_paired_06.wav,29,i,18663.4,18698.2,0.0348322,2502.07,-2.6828,3.5396,55.1947,47.7336,0.0317544,1.72057
20150622_M09_paired_06.wav,30,i,18857.5,18883.6,0.0260317,2483.41,-3.66054,12.5796,45.6638,44.8713,-0.0171296,0.233393
20150622_M09_paired_06.wav,31,a,18991.7,19237.6,0.245918,3071.46,-2.91592,16.9532,46.2209,35.2279,-0.00302317,0.0764452
20150622_M09_paired_06.wav,32,b,19321.5,19384.9,0.063356,3101.22,-4.13094,12.5754,38.4784,19.8427,-0.00269485,0.39048
20150622_M09_paired_06.wav,33,c,19407.4,19457.0,0.0495692,4748.91,-2.61793,23.3936,43.2644,40.2807,-0.0494498,0.130263
20150622_M09_paired_06.wav,34,d,19506.4,19639.5,0.133084,4093.69,-5.24893,31.4096,25.3713,17.5673,-0.00578491,0.768355
20150622_M09_paired_06.wav,35,e,19654.9,19760.8,0.105918,6255.96,-4.61675,24.4359,26.6912,32.7573,-0.0367063,1.54833
20150622_M09_paired_06.wav,36,f,19789.5,19865.1,0.0756236,2794.31,-5.1032,20.8018,21.416,18.2405,-0.0121735,0.523873
20150622_M09_paired_06.wav,37,g,19936.3,20643.6,0.707234,3350.76,-4.96401,22.1089,27.2588,21.2819,-0.00112768,0.747113
20150622_M09_paired_06.wav,38,h,20665.1,20738.4,0.0732426,6180.69,-4.54142,26.9702,28.1068,37.4678,-0.0101079,1.26707
0,0,Start,0,1000000,0,0,0,0,0,0,0,0
20150622_M09_paired_06.wav,39,m,20755.4,20829.6,0.0742177,6891.21,-5.06586,19.8532,20.6738,33.7505,-0.019298,1.01964
20150622_M09_paired_06.wav,40,n,20853.5,20962.5,0.108957,6222.22,-4.62407,30.1666,32.182,43.0494,-0.0141644,1.19443
20150622_M09_paired_06.wav,41,p,20990.8,21044.7,0.0538315,6609.06,-4.14087,26.1351,28.9964,28.7474,-0.0764546,0.436172
20150622_M09_paired_06.wav,42,p,21060.5,21117.5,0.0569981,5486.54,-3.69116,27.1434,31.9778,27.1128,-0.0340252,0.648346
20150622_M09_paired_06.wav,43,p,21146.8,21217.6,0.0708617,6031.23,-4.73546,25.2894,27.1107,24.3065,-0.0189135,0.62084
20150622_M09_paired_06.wav,44,p,21235.3,21295.2,0.0599773,5442.69,-3.28115,23.3753,35.3768,32.2872,-0.0121046,0.927318
20150622_M09_paired_06.wav,45,p,21333.1,21399.5,0.0663265,5227.28,-3.36633,23.6503,39.6037,39.1563,-0.00779134,0.972949
20150622_M09_paired_06.wav,46,q,21427.5,21644.5,0.217029,6390.61,-5.88592,31.0623,12.0698,11.2627,-0.00581908,0.447826
20150622_M09_paired_06.wav,47,i,21659.4,21687.3,0.0279592,2837.67,-3.71821,10.8906,45.0818,37.6259,-0.0143194,0.359378
20150622_M09_paired_06.wav,48,q,24136.1,24390.3,0.254127,6532.09,-5.50064,32.5658,20.8699,7.62673,-0.00244532,0.275115
20150622_M09_paired_06.wav,49,q,24432.8,24682.5,0.249705,6292.3,-5.55937,35.5181,13.6893,9.82386,-0.00533777,0.470155
20150622_M09_paired_06.wav,50,q,24733.7,25004.7,0.270998,6181.62,-5.55483,32.0859,14.7993,10.7257,-0.0033991,0.491198
20150622_M09_paired_06.wav,51,q,25059.4,25318.4,0.258957,6081.63,-5.7635,35.131,11.0641,6.90771,-0.00336403,0.503156
20150622_M09_paired_06.wav,52,k,40067.1,40094.6,0.0275737,4564.09,-2.15662,11.8443,51.9631,45.4549,0.0155869,0.484942
20150622_M09_paired_06.wav,53,k,40507.0,40531.2,0.024127,4797.45,-2.12479,12.7172,44.9852,48.2546,0.0107337,0.270516
20150622_M09_paired_06.wav,54,i,45533.6,45581.1,0.0474984,2519.82,-1.98239,0.475995,58.1793,49.9134,0.000389402,0.872921
20150622_M09_paired_06.wav,55,a,45697.5,45920.5,0.222948,3275.47,-2.95722,16.8015,41.2687,40.5603,0.00294888,0.0602862
0,0,Start,0,1000000,0,0,0,0,0,0,0,0
20150622_M09_paired_06.wav,56,b,46011.7,46084.6,0.0728309,3013.88,-3.24156,6.36314,41.0982,16.7335,0.00811476,0.316676
20150622_M09_paired_06.wav,57,c,46097.8,46147.8,0.05,4545.16,-2.42903,22.3729,47.8822,51.5597,-0.0188832,0.212818
20150622_M09_paired_06.wav,58,d,46203.7,46336.2,0.132494,4383.32,-5.25668,32.2398,24.8931,21.2456,0.0134866,0.681265
20150622_M09_paired_06.wav,59,e,46352.5,46453.4,0.100839,5932.66,-4.45327,22.8314,28.0342,42.1662,-0.0153276,2.06453
20150622_M09_paired_06.wav,60,f,46491.2,46555.8,0.0645351,2784.31,-5.07038,18.6944,26.0779,26.4605,0.0270974,0.842406
20150622_M09_paired_06.wav,61,g,46629.2,47341.7,0.712476,3480.06,-4.65596,17.3773,29.585,22.2549,0.000925904,0.943806
20150622_M09_paired_06.wav,62,h,47371.4,47439.3,0.0678458,6081.13,-4.64955,29.6225,29.3275,26.0127,-0.0210251,1.36054
20150622_M09_paired_06.wav,63,m,47462.0,47538.7,0.07678,6901.9,-5.4751,26.8791,14.2492,28.4492,-0.00536603,1.36436
20150622_M09_paired_06.wav,64,n,47559.9,47674.0,0.114059,6106.63,-4.71096,30.6232,30.7519,41.3158,-0.00718058,1.30142
20150622_M09_paired_06.wav,65,p,47684.5,47755.8,0.0712245,6254.28,-3.96854,25.6381,35.022,40.8071,-0.00212839,1.55656
20150622_M09_paired_06.wav,66,p,47761.3,47823.8,0.062449,5686.02,-3.16736,26.3464,44.6854,43.6129,-0.0172675,1.02476
20150622_M09_paired_06.wav,67,p,47854.6,47921.9,0.0672109,6317.53,-4.61343,28.1697,28.7203,36.3364,-0.0096762,1.13366
20150622_M09_paired_06.wav,68,p,47939.8,48004.4,0.0645578,5608.26,-2.69415,22.9294,45.0327,39.0148,0.00586312,1.34958
20150622_M09_paired_06.wav,69,p,48041.5,48106.4,0.0649887,5176.97,-3.37402,23.2446,41.0707,35.875,0.0120097,1.0487
20150622_M09_paired_06.wav,70,q,48144.6,48335.6,0.19102,6376.44,-5.84195,29.9541,9.3768,10.9357,-0.0043535,0.732814
20150622_M09_paired_06.wav,71,i,48364.5,48412.0,0.0474984,2924.99,-2.02807,6.1705,49.5123,41.8982,-0.0191442,0.270578
20150622_M09_paired_07.wav,1,l,25768.2,25826.5,0.0582993,6073.18,-2.07715,21.2227,46.6055,41.4403,-0.00859068,0.202781
20150622_M09_paired_07.wav,2,i,32856.9,32891.7,0.0348322,2226.75,-2.511,5.0308,51.1087,51.4101,0.0291536,1.05601
0,0,Start,0,1000000,0,0,0,0,0,0,0,0
20150622_M09_paired_07.wav,3,a,33071.4,33297.2,0.225782,3055.67,-2.9083,17.4098,44.2096,40.8394,0.00115708,0.0673601
20150622_M09_paired_07.wav,4,b,33408.0,33464.2,0.0562132,2834.21,-4.17946,12.7027,36.704,14.0065,0.00113473,0.372172
20150622_M09_paired_07.wav,5,c,33485.0,33539.8,0.0548073,4549.71,-2.64218,24.834,43.5274,47.5004,-0.0406881,0.0968831
20150622_M09_paired_07.wav,6,d,33585.1,33733.6,0.148481,4240.49,-5.19391,30.7984,28.8926,19.3606,0.00987082,0.572931
20150622_M09_paired_07.wav,7,e,33749.9,33851.2,0.10133,6336.9,-4.68537,26.9633,24.3308,36.7039,-0.0464399,1.63282
20150622_M09_paired_07.wav,8,f,33880.2,33958.8,0.0785261,2841.02,-5.02625,18.6533,24.2352,22.2959,0.00681682,0.600141
20150622_M09_paired_07.wav,9,g,34009.5,34788.5,0.778974,3282.59,-4.69814,20.4262,28.4485,17.8025,0.00283275,1.01116
20150622_M09_paired_07.wav,10,h,34812.7,34895.9,0.083288,6260.06,-4.27604,27.3362,35.815,38.635,-0.003982,1.85725
20150622_M09_paired_07.wav,11,m,34909.6,34981.1,0.0714286,6941.85,-5.54543,28.4016,16.2237,32.4592,0.00120331,0.924442
20150622_M09_paired_07.wav,12,n,35008.8,35121.9,0.113107,6073.13,-4.56904,31.5313,29.6122,36.2855,-0.01893,1.23163
20150622_M09_paired_07.wav,13,p,35130.6,35199.8,0.0692517,6428.17,-3.86112,25.71,37.6298,41.4765,-0.00761157,2.03523
20150622_M09_paired_07.wav,14,p,35207.0,35273.1,0.0661224,5702.93,-2.95331,25.768,43.07,45.245,-0.019244,0.884165
20150622_M09_paired_07.wav,15,p,35298.1,35367.4,0.0692971,6520.16,-4.60525,26.7573,36.7381,39.2248,-0.0190646,0.69243
20150622_M09_paired_07.wav,16,p,35386.6,35449.8,0.0632426,5331.07,-3.41525,26.1483,41.9917,38.6898,0.00548193,1.19095
20150622_M09_paired_07.wav,17,p,35488.3,35552.4,0.0641043,5269.62,-3.56979,27.7257,38.1319,38.7274,-0.00313575,1.23647
20150622_M09_paired_07.wav,18,q,35581.8,35775.4,0.193628,6406.33,-5.79468,28.3498,10.8451,14.0641,-0.00586644,0.537097
20150622_M09_paired_07.wav,19,i,35805.0,35833.5,0.0284991,2976.28,-3.3905,8.29068,43.7582,34.0252,-0.0432861,0.310905
20150622_M09_paired_07.wav,20,i,46156.7,46181.2,0.0244444,2548.1,-3.69154,12.0628,58.3729,47.2981,0.0689758,0.733278
20150622_M09_paired_07.wav,21,i,46349.1,46363.3,0.0141723,2387.47,-3.11974,10.2359,61.1271,56.7961,0.0995265,0.6657
20150622_M09_paired_07.wav,22,a,46490.2,46733.4,0.243197,3143.61,-3.00491,18.1926,42.8806,40.3205,0.00233579,0.0435266
20150622_M09_paired_07.wav,23,b,46815.9,46890.6,0.0746939,2885.95,-3.97436,11.4254,43.1457,23.2422,0.0216539,0.36816
20150622_M09_paired_07.wav,24,c,46907.1,46959.8,0.0527438,4482.41,-2.82061,23.8119,44.5248,48.2136,-0.0243485,0.273514
20150622_M09_paired_07.wav,25,d,47004.2,47134.9,0.130726,4330.69,-4.97023,28.5621,32.0282,19.3119,0.0102945,0.660664
20150622_M09_paired_07.wav,26,e,47149.8,47258.9,0.109025,6116.39,-4.58385,25.0025,29.0734,41.3769,-0.0190145,1.35758
20150622_M09_paired_07.wav,27,f,47283.8,47361.5,0.0776644,2752.94,-4.8375,20.1428,31.5055,15.8312,0.0169528,0.594568
20150622_M09_paired_07.wav,28,g,47427.2,48171.3,0.744142,3132.81,-5.03801,20.974,24.6954,18.0726,-0.000210274,0.891339
20150622_M09_paired_07.wav,29,h,48213.1,48280.7,0.0675964,5986.74,-4.4194,25.5558,27.7583,32.9536,0.00298836,1.49834
20150622_M09_paired_07.wav,30,m,48302.7,48370.5,0.0678458,7132.12,-5.287,26.3789,21.2892,41.4837,-0.00259977,1.70557
20150622_M09_paired_07.wav,31,n,48394.8,48509.9,0.115102,6209.05,-4.66108,30.616,32.5956,45.0246,-0.00566672,1.07128
20150622_M09_paired_07.wav,32,p,48519.9,48595.3,0.0753968,6171.25,-3.76827,24.9828,37.3165,36.6319,-0.00264558,1.48724
20150622_M09_paired_07.wav,33,p,48602.0,48667.5,0.0654875,5589.91,-3.08339,24.5778,38.547,40.186,-0.00782303,0.819198
20150622_M09_paired_07.wav,34,p,48701.0,48773.6,0.0725624,6405.08,-4.4414,25.5887,34.9435,30.0771,-0.0136189,1.00612
20150622_M09_paired_07.wav,35,p,48787.7,48851.1,0.063424,5424.62,-3.53594,25.9708,38.1735,41.2415,0.0146742,1.55743
20150622_M09_paired_07.wav,36,p,48887.2,48959.6,0.072381,5294.9,-3.37871,23.1064,39.2029,38.7112,0.0164495,1.31992
20150622_M09_paired_07.wav,37,q,48992.0,49178.2,0.186236,6404.19,-5.70517,25.7742,11.4863,14.7973,0.000614427,0.745485
0,0,Start,0,1000000,0,0,0,0,0,0,0,0
20150622_M09_paired_07.wav,38,i,49204.4,49228.3,0.0238322,2589.57,-3.06248,10.0817,51.2928,48.3864,0.0740925,0.398527
20150622_M09_paired_07.wav,39,i,55600.7,55629.2,0.0284991,2406.79,-2.897,6.80184,46.2476,37.9949,-0.044421,0.333109
20150622_M09_paired_07.wav,40,a,55777.2,56015.3,0.238073,3098.39,-2.73693,16.8739,44.3771,38.1062,0.0101506,0.362373
20150622_M09_paired_07.wav,41,b,56091.5,56170.7,0.079164,2705.16,-3.76904,9.03288,45.7341,26.7929,0.0110188,0.378658
20150622_M09_paired_07.wav,42,c,56180.7,56237.6,0.0568481,4526,-2.90819,24.3947,43.2671,50.6893,-0.0158409,0.289855
20150622_M09_paired_07.wav,43,d,56285.2,56422.3,0.137143,4214.18,-5.1588,31.155,25.4547,16.7725,0.0104222,1.01803
20150622_M09_paired_07.wav,44,e,56434.2,56554.2,0.119977,6038.75,-3.61686,19.3616,32.9703,37.8285,-0.0181716,2.41094
20150622_M09_paired_07.wav,45,f,56566.8,56637.4,0.0706349,2771.04,-4.94362,20.4438,29.0224,20.8585,0.014984,1.7769
20150622_M09_paired_07.wav,46,g,56700.4,57449.9,0.749456,3286.12,-5.01506,22.5,23.8542,17.7016,0.00386551,0.725411
20150622_M09_paired_07.wav,47,h,57467.1,57550.1,0.0830159,5961.12,-4.47743,28.9601,31.228,34.8627,0.00437763,2.01458
20150622_M09_paired_07.wav,48,m,57561.6,57634.7,0.0730385,6919.27,-5.49593,28.21,17.8454,31.5712,-0.0011677,1.37483
20150622_M09_paired_07.wav,49,n,57663.1,57783.0,0.119909,6254.82,-4.73037,31.4218,27.1384,39.9377,-0.00549429,1.32337
20150622_M09_paired_07.wav,50,p,57792.7,57859.8,0.0671429,6050.24,-3.62855,24.9371,36.0784,34.0381,-0.0015132,1.35926
20150622_M09_paired_07.wav,51,p,57873.7,57938.8,0.065034,5507.41,-2.80723,24.3575,42.3464,43.8645,-0.00374736,0.776546
20150622_M09_paired_07.wav,52,p,57961.3,58034.2,0.0729705,6399.81,-4.37039,26.991,33.0514,48.4232,-0.0119686,1.15047
20150622_M09_paired_07.wav,53,p,58048.2,58110.0,0.061746,5455.72,-2.97556,24.9159,41.3651,46.1437,0.0162027,1.23356
20150622_M09_paired_07.wav,54,p,58149.2,58216.8,0.067619,5111.71,-3.39602,25.1028,40.8428,37.8854,0.0179896,1.42284
0,0,Start,0,1000000,0,0,0,0,0,0,0,0
20150622_M09_paired_07.wav,55,q,58251.6,58444.0,0.192358,6418.79,-5.54472,31.1307,14.5713,19.7472,-0.00343433,1.10635
20150622_M09_paired_07.wav,56,i,58472.8,58507.6,0.0348322,2766.99,-2.94342,5.88319,55.4627,48.2441,-0.00575574,0.690991
20150622_M09_paired_08.wav,1,i,14248.9,14277.4,0.0284991,2466.74,-2.73168,8.34744,58.8343,35.2472,0.0355639,0.584642
20150622_M09_paired_08.wav,2,a,14426.7,14678.0,0.251247,3187.13,-2.88874,18.5044,40.2108,33.6908,-0.00437128,0.0612692
20150622_M09_paired_08.wav,3,b,14774.6,14847.4,0.0728309,2723.36,-3.88584,9.81018,41.4806,23.1718,0.0175625,0.241849
20150622_M09_paired_08.wav,4,c,14867.6,14923.0,0.0553968,4401.51,-2.70115,22.9721,45.0632,42.8521,-0.057919,0.0981905
20150622_M09_paired_08.wav,5,d,14972.4,15111.2,0.13873,4020.94,-5.22334,29.2743,26.9011,13.008,-0.0100678,0.57759
20150622_M09_paired_08.wav,6,e,15132.4,15242.1,0.109728,6064.1,-4.53336,22.631,27.6724,36.8264,-0.0241035,1.5863
20150622_M09_paired_08.wav,7,f,15268.8,15343.9,0.0750567,2777.6,-5.25948,19.7624,20.9478,12.8332,-0.0179713,0.557221
20150622_M09_paired_08.wav,8,g,15395.2,16164.7,0.769474,3091.6,-4.94247,20.4186,26.5131,18.4823,0.00226318,0.954342
20150622_M09_paired_08.wav,9,h,16205.1,16277.0,0.0718821,6161.91,-4.86045,30.2543,26.9768,31.0418,-0.0357017,0.796957
20150622_M09_paired_08.wav,10,m,16297.4,16373.1,0.0756916,6983.53,-5.7312,29.3999,10.9213,16.3478,-0.0378562,0.885083
20150622_M09_paired_08.wav,11,n,16394.4,16514.3,0.119864,6297.88,-4.80569,31.1116,32.1042,35.7018,-0.02422,1.47725
20150622_M09_paired_08.wav,12,p,16525.1,16591.8,0.066712,6094.52,-3.85471,25.6018,34.2225,36.3821,-0.0272885,1.29751
20150622_M09_paired_08.wav,13,p,16608.0,16674.0,0.0660317,5554.4,-3.00051,24.5724,39.2303,43.4208,-0.034179,0.628814
20150622_M09_paired_08.wav,14,p,16697.6,16767.3,0.0697052,6324.53,-4.49969,28.5357,32.6413,41.0684,-0.0266585,0.441241
20150622_M09_paired_08.wav,15,p,16787.1,16860.1,0.0729932,5433.75,-3.53956,24.7857,37.6567,39.0389,-0.0177822,0.998248
20150622_M09_paired_08.wav,16,p,16886.1,16950.8,0.0646259,5319.61,-3.54626,25.658,40.8286,38.0844,-0.0157374,1.07552
20150622_M09_paired_08.wav,17,q,16983.1,17183.1,0.2,6364.06,-5.79017,30.5179,11.6725,12.243,-0.0141306,0.525691
20150622_M09_paired_08.wav,18,i,17216.8,17238.9,0.0220635,2812.52,-3.51694,10.7355,39.3426,37.5126,-0.0297319,0.100005
0,0,Start,0,1000000,0,0,0,0,0,0,0,0
20150622_M09_paired_08.wav,19,i,23391.4,23426.2,0.0348322,2258.21,-2.60275,3.45591,59.581,50.9741,-0.00862846,0.411344
20150622_M09_paired_08.wav,20,a,23715.3,23990.5,0.275215,2935.57,-2.9954,16.7846,46.5301,46.4513,-0.0027047,0.0488172
20150622_M09_paired_08.wav,21,b,24093.8,24159.3,0.0655102,2921.35,-4.2074,13.5473,37.8291,17.7527,-0.00291783,0.429944
20150622_M09_paired_08.wav,22,c,24169.1,24224.6,0.0554875,4403.8,-2.81527,24.9887,41.6011,52.5949,-0.0398363,0.100243
20150622_M09_paired_08.wav,23,d,24270.7,24430.5,0.159841,4045.09,-5.20311,30.9458,27.6234,16.9428,-0.000155733,0.392211
20150622_M09_paired_08.wav,24,e,24439.7,24541.4,0.101746,6090.09,-4.61792,24.6313,30.124,46.5059,-0.033528,1.59831
20150622_M09_paired_08.wav,25,f,24584.9,24658.1,0.0731293,2760.26,-5.18288,20.7397,23.2432,14.0863,-0.00557247,0.57177
20150622_M09_paired_08.wav,26,g,24706.0,25445.6,0.739546,3343.46,-5.08322,22.2524,24.2794,19.4572,4.15028e-05,0.766382
20150622_M09_paired_08.wav,27,h,25459.3,25538.9,0.0796372,6103.63,-4.62454,26.6396,27.0324,29.6782,-0.0227507,1.00907
20150622_M09_paired_08.wav,28,m,25548.5,25624.5,0.0759184,6876.98,-5.32156,24.7124,17.9351,27.3301,-0.0199475,0.76261
20150622_M09_paired_08.wav,29,n,25657.0,25767.7,0.110726,6013.78,-4.69514,29.7171,32.628,41.5799,-0.0183276,1.53388
20150622_M09_paired_08.wav,30,p,25798.0,25848.7,0.050665,6077.77,-3.72261,27.5317,41.6901,21.6759,-0.055569,0.989374
20150622_M09_paired_08.wav,31,p,25867.7,25921.5,0.0538315,5452.45,-3.09333,28.7149,45.7587,47.9266,-0.0326692,0.617687
20150622_M09_paired_08.wav,32,p,25954.9,26022.1,0.0671882,6252.41,-4.3784,26.1298,35.5686,45.5488,-0.0256146,0.524559
20150622_M09_paired_08.wav,33,p,26043.6,26108.0,0.0643991,5331.39,-3.7394,25.8504,40.326,44.4047,-0.0104073,1.16377
20150622_M09_paired_08.wav,34,p,26146.1,26207.1,0.0609977,5428.09,-3.59741,26.4971,34.6068,40.9695,-0.00808035,1.52761
20150622_M09_paired_08.wav,35,q,26233.9,26426.0,0.192132,6403.16,-5.65933,27.3052,11.5419,16.7571,-0.00784932,0.560816
0,0,Start,0,1000000,0,0,0,0,0,0,0,0
20150622_M09_paired_08.wav,36,i,26459.8,26488.3,0.0284991,2807,-3.22746,7.45806,47.2486,31.2761,-0.0352073,0.195578
20150622_M09_paired_08.wav,37,i,32128.6,32169.8,0.0411653,2263.81,-2.89763,6.33123,57.6058,36.4024,-0.0203691,0.46642
20150622_M09_paired_08.wav,38,a,32280.6,32537.1,0.256491,3035.74,-2.99372,15.8884,43.8119,42.9962,-0.000915853,0.115966
20150622_M09_paired_08.wav,39,b,32619.4,32698.6,0.079164,2615.25,-3.76149,8.56598,46.0443,9.30987,0.0211851,0.230905
20150622_M09_paired_08.wav,40,c,32714.6,32768.8,0.0542177,4564.54,-2.86938,23.6789,43.9087,46.9544,-0.0276708,0.093689
20150622_M09_paired_08.wav,41,d,32815.1,32957.5,0.142381,4143.75,-4.98194,26.3939,34.7208,26.1564,0.00579508,0.475008
20150622_M09_paired_08.wav,42,e,32977.2,33084.9,0.107663,6097.36,-4.56911,21.9655,30.7464,40.1565,-0.0369257,1.76924
20150622_M09_paired_08.wav,43,f,33111.1,33188.0,0.0768934,2742.77,-5.03621,18.6676,26.5617,22.5066,0.00837632,0.634807
20150622_M09_paired_08.wav,44,g,33256.6,33939.1,0.682472,3426.34,-5.03595,23.4238,26.7325,20.25,-0.000631183,0.826383
20150622_M09_paired_08.wav,45,h,33955.7,34029.8,0.0741043,6143.48,-4.80503,30.0064,23.4291,24.9895,-0.0272885,1.21478
20150622_M09_paired_08.wav,46,m,34040.2,34118.4,0.0782766,6803.9,-5.30279,23.023,16.7504,32.5274,-0.00629711,1.07538
20150622_M09_paired_08.wav,47,m,34148.0,34237.1,0.089161,7038.24,-5.52844,25.0309,16.781,23.8032,-0.0192694,0.889798
20150622_M09_paired_08.wav,48,m,34247.7,34335.1,0.0873696,6872.6,-5.36975,27.7589,16.3153,27.4755,-0.00783506,1.07605
20150622_M09_paired_08.wav,49,m,34351.9,34441.0,0.089093,6949.73,-5.51836,26.5333,16.5532,29.222,-0.0146564,0.79096
20150622_M09_paired_08.wav,50,m,34465.0,34559.3,0.0942404,6943.7,-5.58388,27.5586,16.2392,19.6037,-0.0182392,0.874968
20150622_M09_paired_08.wav,51,m,34577.5,34662.6,0.0850567,6919.32,-5.59392,30.4592,12.4424,21.5808,-0.0142915,1.19768
20150622_M09_paired_08.wav,52,m,34686.2,34770.2,0.0840136,6918.54,-5.72765,31.144,13.9136,23.0952,-0.0165306,0.905946
20150622_M09_paired_08.wav,53,m,34794.3,34880.4,0.0860317,6905.78,-5.72495,31.4765,12.8235,23.39,-0.0115552,0.84473
20150622_M09_paired_08.wav,54,m,34905.9,34994.2,0.088322,6889.91,-5.60058,29.4343,14.0406,24.3596,-0.00996161,0.985615
20150622_M09_paired_08.wav,55,m,35016.2,35104.6,0.0884807,6902.33,-5.51141,26.9772,15.8863,26.0961,-0.00846192,1.06741
20150622_M09_paired_08.wav,56,m,35123.4,35211.0,0.087551,6891.97,-5.77602,31.1411,12.0193,23.5135,-0.00713856,0.816358
20150622_M09_paired_08.wav,57,i,35238.1,35263.5,0.0253325,2801.71,-3.45245,10.2409,39.8373,43.6005,0.00243773,0.172554
20150622_M09_paired_08.wav,58,i,45090.8,45120.5,0.0297052,2511.9,-3.52798,12.9982,48.4423,36.0165,0.0477419,0.854757
20150622_M09_paired_08.wav,59,a,45277.7,45536.3,0.258617,2980.63,-3.04196,17.6333,46.6213,46.0251,0.00154496,0.0565622
20150622_M09_paired_08.wav,60,b,45623.6,45702.0,0.0784127,3059.09,-4.18085,12.9868,40.7409,12.2974,0.0202653,0.290033
20150622_M09_paired_08.wav,61,c,45714.5,45772.1,0.0575737,4379.41,-2.72072,24.0364,39.572,39.7782,-0.0191078,0.21877
20150622_M09_paired_08.wav,62,d,45812.3,45961.4,0.149138,4266.75,-5.25811,32.0148,22.3013,15.1606,0.00960134,0.825358
20150622_M09_paired_08.wav,63,e,45986.4,46097.2,0.11083,5999.93,-4.51294,21.9137,31.0332,42.2549,-0.0324621,1.81412
20150622_M09_paired_08.wav,64,f,46124.8,46190.5,0.0656689,2695.58,-5.10407,21.4684,27.123,19.3428,0.0206303,0.697947
20150622_M09_paired_08.wav,65,g,46258.7,46977.5,0.718809,3092.42,-5.03139,20.8519,26.2083,19.4318,0.00403337,0.905998
20150622_M09_paired_08.wav,66,h,47015.1,47088.4,0.0732653,6001.07,-4.67061,29.9796,28.5412,34.087,-0.00191455,1.47491
20150622_M09_paired_08.wav,67,m,47109.7,47185.6,0.0759184,6935.06,-5.29371,24.2309,18.6467,27.6349,-0.0047197,0.99915
20150622_M09_paired_08.wav,68,n,47202.8,47319.3,0.116531,6141.17,-4.5702,30.8177,26.8015,30.3764,-0.00577494,1.34619
20150622_M09_paired_08.wav,69,p,47341.7,47398.7,0.0569981,6326.98,-4.23361,29.6166,31.7592,34.5437,-0.0231178,0.495912
20150622_M09_paired_08.wav,70,p,47427.2,47481.0,0.0538315,5814.48,-3.50793,28.5992,34.9571,38.1665,-0.058024,0.173631
20150622_M09_paired_08.wav,71,p,47505.3,47581.2,0.075873,6306.89,-4.39268,24.6777,33.0431,38.524,-0.00756885,1.00581
20150622_M09_paired_08.wav,72,p,47590.8,47659.1,0.0682766,5305.57,-3.39431,23.9852,36.3879,33.7702,0.00822257,1.53712
20150622_M09_paired_08.wav,73,p,47688.0,47748.8,0.0608163,5215.68,-3.29146,25.2279,40.167,40.566,0.0155602,1.21891
20150622_M09_paired_08.wav,74,q,47789.2,47999.0,0.209864,6339.37,-5.86328,31.9156,9.00737,13.2535,-0.00395684,0.6183
20150622_M09_paired_08.wav,75,i,48032.0,48066.8,0.0348322,2809.42,-3.09962,6.66656,54.5913,48.9925,-0.0235724,0.503117
20150622_M09_paired_08.wav,76,i,56379.1,56410.7,0.0316656,2475.14,-2.7873,6.74416,52.2568,47.0035,-0.0401209,0.415429
20150622_M09_paired_08.wav,77,i,56597.6,56632.4,0.0348322,2137.12,-2.58564,6.82874,44.7867,44.0448,-0.044479,0.313807
20150622_M09_paired_08.wav,78,a,56715.1,56958.4,0.243265,3173.19,-2.98221,18.8762,42.3347,39.1713,0.00571294,0.0626704
20150622_M09_paired_08.wav,79,b,57035.2,57102.5,0.0673469,2793.29,-4.17686,13.0978,43.522,11.8369,0.0359239,0.293137
20150622_M09_paired_08.wav,80,c,57123.6,57179.2,0.0556009,4491.77,-2.77475,24.0417,46.4965,51.7637,-0.0420099,0.446179
20150622_M09_paired_08.wav,81,d,57228.0,57368.0,0.140091,4069.09,-5.10202,29.4714,29.2652,16.8858,0.0115331,1.05767
20150622_M09_paired_08.wav,82,e,57383.0,57488.4,0.105374,6005.55,-4.62782,24.9002,27.9324,42.1632,-0.00348448,1.7473
20150622_M09_paired_08.wav,83,f,57521.4,57600.1,0.0787528,2799.16,-4.90813,17.2294,27.1916,23.6428,0.0236655,0.935498
20150622_M09_paired_08.wav,84,g,57655.7,58380.9,0.725147,3395.93,-5.00811,22.337,25.6577,19.5818,0.00157364,0.787917
20150622_M09_paired_08.wav,85,h,58399.4,58481.9,0.082517,5898.97,-4.49433,29.7147,29.3416,31.465,0.000529813,1.57419
20150622_M09_paired_08.wav,86,m,58492.2,58561.7,0.0695238,6815.35,-5.50306,26.1333,13.4783,17.0402,0.00198581,1.4577
20150622_M09_paired_08.wav,87,m,58601.0,58682.5,0.081542,6909.92,-5.37606,25.8669,18.0375,31.5847,0.00386999,1.92496
20150622_M09_paired_08.wav,88,m,58710.3,58789.0,0.0787528,6858.29,-5.61822,28.8613,13.3726,21.8408,0.00407448,1.81122
20150622_M09_paired_08.wav,89,m,58819.3,58901.1,0.0818367,6949.72,-5.44476,30.7025,15.3039,23.0581,0.00121524,2.04725
20150622_M09_paired_08.wav,90,m,58927.5,59015.9,0.088458,6975.72,-5.4129,28.3226,14.1329,25.8296,-0.00745573,1.87838
20150622_M09_paired_08.wav,91,m,59040.1,59122.3,0.0822449,6908.84,-5.66449,32.0756,10.6201,20.0254,-0.00917497,1.44315
20150622_M09_paired_08.wav,92,m,59151.6,59236.3,0.0847166,6867.66,-5.34915,28.6773,13.4398,20.3057,-0.000241709,1.84235
20150622_M09_paired_08.wav,93,m,59257.7,59344.3,0.086644,6907.44,-5.37949,29.8242,14.8688,24.0078,-0.00699179,1.70616
20150622_M09_paired_08.wav,94,m,59369.3,59455.2,0.0858957,6901.92,-5.4639,29.5717,13.9225,21.1852,-0.00746598,1.79158
20150622_M09_paired_08.wav,95,m,59482.2,59570.8,0.0885488,6916.15,-5.41635,27.2352,13.2342,18.6592,-0.0103777,2.12493
20150622_M09_paired_08.wav,96,m,59609.0,59691.3,0.0823306,6679.02,-5.36,31.9068,19.1618,17.0812,-0.0275406,2.82375
20150622_M09_paired_08.wav,97,m,59723.0,59805.3,0.0823306,6846.55,-5.34953,28.1062,13.7916,15.9602,-0.0579785,1.92254
